scientificName,basisOfRecord,datasetName
Vahlodea atropurpurea,MaterialCitation,"LGL Limited, Environmental Research Associates, Sidney, BC"
Valeriana sitchensis,MaterialCitation,"LGL Limited, Environmental Research Associates, Sidney, BC"
Vaccinium uliginosum,MaterialCitation,"LGL Limited, Environmental Research Associates, Sidney, BC"
Potamogeton epihydrus,MaterialCitation,"LGL Limited, Environmental Research Associates, Sidney, BC"
Potamogeton foliosus,MaterialCitation,"LGL Limited, Environmental Research Associates, Sidney, BC"
Potamogeton pusillus,MaterialCitation,"LGL Limited, Environmental Research Associates, Sidney, BC"
Potamogeton pusillus var. tenuissimus,MaterialCitation,"LGL Limited, Environmental Research Associates, Sidney, BC"
Ruppia maritima,MaterialCitation,"LGL Limited, Environmental Research Associates, Sidney, BC"
Triantha glutinosa,MaterialCitation,"LGL Limited, Environmental Research Associates, Sidney, BC"
Triantha occidentalis brevistyla,MaterialCitation,"LGL Limited, Environmental Research Associates, Sidney, BC"
Triglochin maritima,MaterialCitation,"LGL Limited, Environmental Research Associates, Sidney, BC"
Zannichellia palustris,MaterialCitation,"LGL Limited, Environmental Research Associates, Sidney, BC"
Zostera marina,MaterialCitation,"LGL Limited, Environmental Research Associates, Sidney, BC"
Allium cernuum var. cernuum,MaterialCitation,"LGL Limited, Environmental Research Associates, Sidney, BC"
Brodiaea coronaria,MaterialCitation,"LGL Limited, Environmental Research Associates, Sidney, BC"
Calypso bulbosa,MaterialCitation,"LGL Limited, Environmental Research Associates, Sidney, BC"
Camassia leichtlinii,MaterialCitation,"LGL Limited, Environmental Research Associates, Sidney, BC"
Corallorhiza maculata,MaterialCitation,"LGL Limited, Environmental Research Associates, Sidney, BC"
Corallorhiza mertensiana,MaterialCitation,"LGL Limited, Environmental Research Associates, Sidney, BC"
Goodyera oblongifolia,MaterialCitation,"LGL Limited, Environmental Research Associates, Sidney, BC"
Maianthemum dilatatum,MaterialCitation,"LGL Limited, Environmental Research Associates, Sidney, BC"
Maianthemum racemosum amplexicaule,MaterialCitation,"LGL Limited, Environmental Research Associates, Sidney, BC"
Maianthemum stellatum,MaterialCitation,"LGL Limited, Environmental Research Associates, Sidney, BC"
Neottia banksiana,MaterialCitation,"LGL Limited, Environmental Research Associates, Sidney, BC"
Neottia cordata,MaterialCitation,"LGL Limited, Environmental Research Associates, Sidney, BC"
Platanthera dilatata,MaterialCitation,"LGL Limited, Environmental Research Associates, Sidney, BC"
Platanthera dilatata var. leucostachys,MaterialCitation,"LGL Limited, Environmental Research Associates, Sidney, BC"
Platanthera orbiculata,MaterialCitation,"LGL Limited, Environmental Research Associates, Sidney, BC"
Platanthera stricta,MaterialCitation,"LGL Limited, Environmental Research Associates, Sidney, BC"
Triteleia grandiflora,MaterialCitation,"LGL Limited, Environmental Research Associates, Sidney, BC"
Triteleia hyacinthina,MaterialCitation,"LGL Limited, Environmental Research Associates, Sidney, BC"
Clintonia uniflora,MaterialCitation,"LGL Limited, Environmental Research Associates, Sidney, BC"
Erythronium grandiflorum,MaterialCitation,"LGL Limited, Environmental Research Associates, Sidney, BC"
Erythronium revolutum,MaterialCitation,"LGL Limited, Environmental Research Associates, Sidney, BC"
Fritillaria camschatcensis,MaterialCitation,"LGL Limited, Environmental Research Associates, Sidney, BC"
Lilium columbianum,MaterialCitation,"LGL Limited, Environmental Research Associates, Sidney, BC"
Prosartes hookeri,MaterialCitation,"LGL Limited, Environmental Research Associates, Sidney, BC"
Streptopus amplexifolius,MaterialCitation,"LGL Limited, Environmental Research Associates, Sidney, BC"
Streptopus lanceolatus var. curvipes,MaterialCitation,"LGL Limited, Environmental Research Associates, Sidney, BC"
Streptopus streptopoides,MaterialCitation,"LGL Limited, Environmental Research Associates, Sidney, BC"
Toxicoscordion venenosum var. venenosum,MaterialCitation,"LGL Limited, Environmental Research Associates, Sidney, BC"
Trillium ovatum var. ovatum,MaterialCitation,"LGL Limited, Environmental Research Associates, Sidney, BC"
Veratrum viride var. eschscholzianum,MaterialCitation,"LGL Limited, Environmental Research Associates, Sidney, BC"
Achnatherum hymenoides,MaterialCitation,"LGL Limited, Environmental Research Associates, Sidney, BC"
Agrostis aequivalvis,MaterialCitation,"LGL Limited, Environmental Research Associates, Sidney, BC"
Agrostis exarata,MaterialCitation,"LGL Limited, Environmental Research Associates, Sidney, BC"
Agrostis mertensii,MaterialCitation,"LGL Limited, Environmental Research Associates, Sidney, BC"
Agrostis scabra,MaterialCitation,"LGL Limited, Environmental Research Associates, Sidney, BC"
Agrostis variabilis,MaterialCitation,"LGL Limited, Environmental Research Associates, Sidney, BC"
Bolboschoenus fluviatilis,MaterialCitation,"LGL Limited, Environmental Research Associates, Sidney, BC"
Bolboschoenus maritimus,MaterialCitation,"LGL Limited, Environmental Research Associates, Sidney, BC"
Bolboschoenus maritimus var. paludosus,MaterialCitation,"LGL Limited, Environmental Research Associates, Sidney, BC"
Bromus carinatus,MaterialCitation,"LGL Limited, Environmental Research Associates, Sidney, BC"
Bromus sitchensis,MaterialCitation,"LGL Limited, Environmental Research Associates, Sidney, BC"
Bromus vulgaris,MaterialCitation,"LGL Limited, Environmental Research Associates, Sidney, BC"
Calamagrostis canadensis var. canadensis,MaterialCitation,"LGL Limited, Environmental Research Associates, Sidney, BC"
Calamagrostis canadensis var. langsdorffii,MaterialCitation,"LGL Limited, Environmental Research Associates, Sidney, BC"
Calamagrostis stricta ssp. inexpansa,MaterialCitation,"LGL Limited, Environmental Research Associates, Sidney, BC"
Carex albonigra,MaterialCitation,"LGL Limited, Environmental Research Associates, Sidney, BC"
Carex aquatilis dives,MaterialCitation,"LGL Limited, Environmental Research Associates, Sidney, BC"
Carex arcta,MaterialCitation,"LGL Limited, Environmental Research Associates, Sidney, BC"
Carex canescens,MaterialCitation,"LGL Limited, Environmental Research Associates, Sidney, BC"
Carex circinata,MaterialCitation,"LGL Limited, Environmental Research Associates, Sidney, BC"
Carex deweyana,MaterialCitation,"LGL Limited, Environmental Research Associates, Sidney, BC"
Carex engelmannii,MaterialCitation,"LGL Limited, Environmental Research Associates, Sidney, BC"
Carex exsiccata,MaterialCitation,"LGL Limited, Environmental Research Associates, Sidney, BC"
Carex feta,MaterialCitation,"LGL Limited, Environmental Research Associates, Sidney, BC"
Carex foenea,MaterialCitation,"LGL Limited, Environmental Research Associates, Sidney, BC"
Carex garberi,MaterialCitation,"LGL Limited, Environmental Research Associates, Sidney, BC"
Carex hendersonii,MaterialCitation,"LGL Limited, Environmental Research Associates, Sidney, BC"
Carex illota,MaterialCitation,"LGL Limited, Environmental Research Associates, Sidney, BC"
Carex kelloggii,MaterialCitation,"LGL Limited, Environmental Research Associates, Sidney, BC"
Carex laeviculmis,MaterialCitation,"LGL Limited, Environmental Research Associates, Sidney, BC"
Carex lenticularis limnophila,MaterialCitation,"LGL Limited, Environmental Research Associates, Sidney, BC"
Carex leporina,MaterialCitation,"LGL Limited, Environmental Research Associates, Sidney, BC"
Carex leptopoda,MaterialCitation,"LGL Limited, Environmental Research Associates, Sidney, BC"
Carex luzulina var. ablata,MaterialCitation,"LGL Limited, Environmental Research Associates, Sidney, BC"
Carex lyngbyei,MaterialCitation,"LGL Limited, Environmental Research Associates, Sidney, BC"
Carex macloviana,MaterialCitation,"LGL Limited, Environmental Research Associates, Sidney, BC"
Carex macrocephala,MaterialCitation,"LGL Limited, Environmental Research Associates, Sidney, BC"
Carex macrochaeta,MaterialCitation,"LGL Limited, Environmental Research Associates, Sidney, BC"
Carex magellanica ssp. irrigua,MaterialCitation,"LGL Limited, Environmental Research Associates, Sidney, BC"
Carex mertensii,MaterialCitation,"LGL Limited, Environmental Research Associates, Sidney, BC"
Carex microptera,MaterialCitation,"LGL Limited, Environmental Research Associates, Sidney, BC"
Carex nigricans,MaterialCitation,"LGL Limited, Environmental Research Associates, Sidney, BC"
Carex obnupta,MaterialCitation,"LGL Limited, Environmental Research Associates, Sidney, BC"
Carex pachystachya,MaterialCitation,"LGL Limited, Environmental Research Associates, Sidney, BC"
Carex pauciflora,MaterialCitation,"LGL Limited, Environmental Research Associates, Sidney, BC"
Carex phaeocephala,MaterialCitation,"LGL Limited, Environmental Research Associates, Sidney, BC"
Carex preslii,MaterialCitation,"LGL Limited, Environmental Research Associates, Sidney, BC"
Carex pyrenaica,MaterialCitation,"LGL Limited, Environmental Research Associates, Sidney, BC"
Carex rossii,MaterialCitation,"LGL Limited, Environmental Research Associates, Sidney, BC"
Carex saxatilis,MaterialCitation,"LGL Limited, Environmental Research Associates, Sidney, BC"
Carex spectabilis,MaterialCitation,"LGL Limited, Environmental Research Associates, Sidney, BC"
Carex stylosa,MaterialCitation,"LGL Limited, Environmental Research Associates, Sidney, BC"
Carex viridula,MaterialCitation,"LGL Limited, Environmental Research Associates, Sidney, BC"
Carex viridula ssp. viridula,MaterialCitation,"LGL Limited, Environmental Research Associates, Sidney, BC"
Cinna latifolia,MaterialCitation,"LGL Limited, Environmental Research Associates, Sidney, BC"
Danthonia intermedia,MaterialCitation,"LGL Limited, Environmental Research Associates, Sidney, BC"
Danthonia spicata,MaterialCitation,"LGL Limited, Environmental Research Associates, Sidney, BC"
Deschampsia danthonioides,MaterialCitation,"LGL Limited, Environmental Research Associates, Sidney, BC"
Deschampsia elongata,MaterialCitation,"LGL Limited, Environmental Research Associates, Sidney, BC"
Dulichium arundinaceum,MaterialCitation,"LGL Limited, Environmental Research Associates, Sidney, BC"
Eleocharis palustris,MaterialCitation,"LGL Limited, Environmental Research Associates, Sidney, BC"
Elymus elymoides,MaterialCitation,"LGL Limited, Environmental Research Associates, Sidney, BC"
Elymus elymoides ssp. californicus,MaterialCitation,"LGL Limited, Environmental Research Associates, Sidney, BC"
Elymus glaucus,MaterialCitation,"LGL Limited, Environmental Research Associates, Sidney, BC"
Elymus hirsutus,MaterialCitation,"LGL Limited, Environmental Research Associates, Sidney, BC"
Elymus trachycaulus ssp.  trachycaulus,MaterialCitation,"LGL Limited, Environmental Research Associates, Sidney, BC"
Elymus violaceus,MaterialCitation,"LGL Limited, Environmental Research Associates, Sidney, BC"
Eriophorum angustifolium,MaterialCitation,"LGL Limited, Environmental Research Associates, Sidney, BC"
Festuca occidentalis,MaterialCitation,"LGL Limited, Environmental Research Associates, Sidney, BC"
Festuca rubra,MaterialCitation,"LGL Limited, Environmental Research Associates, Sidney, BC"
Festuca rubra ssp. mediana,MaterialCitation,"LGL Limited, Environmental Research Associates, Sidney, BC"
Glyceria borealis,MaterialCitation,"LGL Limited, Environmental Research Associates, Sidney, BC"
Glyceria elata,MaterialCitation,"LGL Limited, Environmental Research Associates, Sidney, BC"
Glyceria striata,MaterialCitation,"LGL Limited, Environmental Research Associates, Sidney, BC"
Hordeum brachyantherum,MaterialCitation,"LGL Limited, Environmental Research Associates, Sidney, BC"
Hordeum jubatum ssp. intermedium,MaterialCitation,"LGL Limited, Environmental Research Associates, Sidney, BC"
Isolepis cernua,MaterialCitation,"LGL Limited, Environmental Research Associates, Sidney, BC"
Juncus acuminatus,MaterialCitation,"LGL Limited, Environmental Research Associates, Sidney, BC"
Juncus alpinoarticulatus,MaterialCitation,"LGL Limited, Environmental Research Associates, Sidney, BC"
Juncus balticus,MaterialCitation,"LGL Limited, Environmental Research Associates, Sidney, BC"
Juncus covillei,MaterialCitation,"LGL Limited, Environmental Research Associates, Sidney, BC"
Juncus drummondii,MaterialCitation,"LGL Limited, Environmental Research Associates, Sidney, BC"
Juncus effusus,MaterialCitation,"LGL Limited, Environmental Research Associates, Sidney, BC"
Juncus ensifolius,MaterialCitation,"LGL Limited, Environmental Research Associates, Sidney, BC"
Juncus mertensianus,MaterialCitation,"LGL Limited, Environmental Research Associates, Sidney, BC"
Juncus supiniformis,MaterialCitation,"LGL Limited, Environmental Research Associates, Sidney, BC"
Juncus tenuis,MaterialCitation,"LGL Limited, Environmental Research Associates, Sidney, BC"
Koeleria macrantha,MaterialCitation,"LGL Limited, Environmental Research Associates, Sidney, BC"
Leymus mollis mollis,MaterialCitation,"LGL Limited, Environmental Research Associates, Sidney, BC"
Luzula comosa var. comosa,MaterialCitation,"LGL Limited, Environmental Research Associates, Sidney, BC"
Luzula comosa var.  laxa,MaterialCitation,"LGL Limited, Environmental Research Associates, Sidney, BC"
Luzula hitchcockii,MaterialCitation,"LGL Limited, Environmental Research Associates, Sidney, BC"
Luzula macrantha,MaterialCitation,"LGL Limited, Environmental Research Associates, Sidney, BC"
Luzula parviflora,MaterialCitation,"LGL Limited, Environmental Research Associates, Sidney, BC"
Luzula parviflora ssp. parviflora,MaterialCitation,"LGL Limited, Environmental Research Associates, Sidney, BC"
Luzula spicata,MaterialCitation,"LGL Limited, Environmental Research Associates, Sidney, BC"
Luzula subsessilis,MaterialCitation,"LGL Limited, Environmental Research Associates, Sidney, BC"
Melica subulata,MaterialCitation,"LGL Limited, Environmental Research Associates, Sidney, BC"
Phleum alpinum,MaterialCitation,"LGL Limited, Environmental Research Associates, Sidney, BC"
Pleuropogon refractus,MaterialCitation,"LGL Limited, Environmental Research Associates, Sidney, BC"
Poa abbreviata ssp. pattersonii,MaterialCitation,"LGL Limited, Environmental Research Associates, Sidney, BC"
Poa alpina,MaterialCitation,"LGL Limited, Environmental Research Associates, Sidney, BC"
Poa cusickii ssp. epilis,MaterialCitation,"LGL Limited, Environmental Research Associates, Sidney, BC"
Poa interior,MaterialCitation,"LGL Limited, Environmental Research Associates, Sidney, BC"
Poa lettermanii,MaterialCitation,"LGL Limited, Environmental Research Associates, Sidney, BC"
Poa macrantha,MaterialCitation,"LGL Limited, Environmental Research Associates, Sidney, BC"
Poa palustris,MaterialCitation,"LGL Limited, Environmental Research Associates, Sidney, BC"
Poa paucispicula,MaterialCitation,"LGL Limited, Environmental Research Associates, Sidney, BC"
Poa secunda,MaterialCitation,"LGL Limited, Environmental Research Associates, Sidney, BC"
Poa secunda ssp. secunda,MaterialCitation,"LGL Limited, Environmental Research Associates, Sidney, BC"
Poa stenantha,MaterialCitation,"LGL Limited, Environmental Research Associates, Sidney, BC"
Schoenoplectus pungens,MaterialCitation,"LGL Limited, Environmental Research Associates, Sidney, BC"
Schoenoplectus subterminalis,MaterialCitation,"LGL Limited, Environmental Research Associates, Sidney, BC"
Schoenoplectus tabernaemontani,MaterialCitation,"LGL Limited, Environmental Research Associates, Sidney, BC"
Scirpus microcarpus,MaterialCitation,"LGL Limited, Environmental Research Associates, Sidney, BC"
Sparganium angustifolium,MaterialCitation,"LGL Limited, Environmental Research Associates, Sidney, BC"
Sparganium emersum,MaterialCitation,"LGL Limited, Environmental Research Associates, Sidney, BC"
Sparganium natans,MaterialCitation,"LGL Limited, Environmental Research Associates, Sidney, BC"
Torreyochloa pallida var. pauciflora,MaterialCitation,"LGL Limited, Environmental Research Associates, Sidney, BC"
Trisetum canescens,MaterialCitation,"LGL Limited, Environmental Research Associates, Sidney, BC"
Trisetum cernuum,MaterialCitation,"LGL Limited, Environmental Research Associates, Sidney, BC"
Trisetum spicatum,MaterialCitation,"LGL Limited, Environmental Research Associates, Sidney, BC"
Typha latifolia,MaterialCitation,"LGL Limited, Environmental Research Associates, Sidney, BC"
Isoetes occidentalis,MaterialCitation,"LGL Limited, Environmental Research Associates, Sidney, BC"
Dendrolycopodium dendroideum,MaterialCitation,"LGL Limited, Environmental Research Associates, Sidney, BC"
Diphasiastrum alpinum,MaterialCitation,"LGL Limited, Environmental Research Associates, Sidney, BC"
Diphasiastrum complanatum,MaterialCitation,"LGL Limited, Environmental Research Associates, Sidney, BC"
Diphasiastrum sitchense,MaterialCitation,"LGL Limited, Environmental Research Associates, Sidney, BC"
Huperzia occidentalis,MaterialCitation,"LGL Limited, Environmental Research Associates, Sidney, BC"
Lycopodiella inundata,MaterialCitation,"LGL Limited, Environmental Research Associates, Sidney, BC"
Lycopodium clavatum,MaterialCitation,"LGL Limited, Environmental Research Associates, Sidney, BC"
Spinulum annotinum,MaterialCitation,"LGL Limited, Environmental Research Associates, Sidney, BC"
Angelica genuflexa,MaterialCitation,"LGL Limited, Environmental Research Associates, Sidney, BC"
Angelica lucida,MaterialCitation,"LGL Limited, Environmental Research Associates, Sidney, BC"
Cicuta douglasii,MaterialCitation,"LGL Limited, Environmental Research Associates, Sidney, BC"
Conioselinum gmelinii,MaterialCitation,"LGL Limited, Environmental Research Associates, Sidney, BC"
Glehnia littoralis ssp. leiocarpa,MaterialCitation,"LGL Limited, Environmental Research Associates, Sidney, BC"
Heracleum maximum,MaterialCitation,"LGL Limited, Environmental Research Associates, Sidney, BC"
Lilaeopsis occidentalis,MaterialCitation,"LGL Limited, Environmental Research Associates, Sidney, BC"
Oenanthe sarmentosa,MaterialCitation,"LGL Limited, Environmental Research Associates, Sidney, BC"
Oplopanax horridus,MaterialCitation,"LGL Limited, Environmental Research Associates, Sidney, BC"
Osmorhiza berteroi,MaterialCitation,"LGL Limited, Environmental Research Associates, Sidney, BC"
Osmorhiza depauperata,MaterialCitation,"LGL Limited, Environmental Research Associates, Sidney, BC"
Osmorhiza occidentalis,MaterialCitation,"LGL Limited, Environmental Research Associates, Sidney, BC"
Osmorhiza purpurea,MaterialCitation,"LGL Limited, Environmental Research Associates, Sidney, BC"
Oenanthe sarmentosa,MaterialCitation,"LGL Limited, Environmental Research Associates, Sidney, BC"
Oplopanax horridus,MaterialCitation,"LGL Limited, Environmental Research Associates, Sidney, BC"
Osmorhiza berteroi,MaterialCitation,"LGL Limited, Environmental Research Associates, Sidney, BC"
Osmorhiza depauperata,MaterialCitation,"LGL Limited, Environmental Research Associates, Sidney, BC"
Osmorhiza occidentalis,MaterialCitation,"LGL Limited, Environmental Research Associates, Sidney, BC"
Osmorhiza purpurea,MaterialCitation,"LGL Limited, Environmental Research Associates, Sidney, BC"
Sanicula crassicaulis,MaterialCitation,"LGL Limited, Environmental Research Associates, Sidney, BC"
Sium suave,MaterialCitation,"LGL Limited, Environmental Research Associates, Sidney, BC"
Adenocaulon bicolor,MaterialCitation,"LGL Limited, Environmental Research Associates, Sidney, BC"
Agoseris aurantiaca ssp. aurantiaca,MaterialCitation,"LGL Limited, Environmental Research Associates, Sidney, BC"
Agoseris glauca,MaterialCitation,"LGL Limited, Environmental Research Associates, Sidney, BC"
Anaphalis margaritacea,MaterialCitation,"LGL Limited, Environmental Research Associates, Sidney, BC"
Antennaria media,MaterialCitation,"LGL Limited, Environmental Research Associates, Sidney, BC"
Antennaria neglecta,MaterialCitation,"LGL Limited, Environmental Research Associates, Sidney, BC"
Antennaria rosea,MaterialCitation,"LGL Limited, Environmental Research Associates, Sidney, BC"
Antennaria umbrinella,MaterialCitation,"LGL Limited, Environmental Research Associates, Sidney, BC"
Arnica angustifolia ssp. angustifolia,MaterialCitation,"LGL Limited, Environmental Research Associates, Sidney, BC"
Arnica cordifolia,MaterialCitation,"LGL Limited, Environmental Research Associates, Sidney, BC"
Arnica gracilis,MaterialCitation,"LGL Limited, Environmental Research Associates, Sidney, BC"
Arnica latifolia,MaterialCitation,"LGL Limited, Environmental Research Associates, Sidney, BC"
Arnica ovata,MaterialCitation,"LGL Limited, Environmental Research Associates, Sidney, BC"
Arnica parryi,MaterialCitation,"LGL Limited, Environmental Research Associates, Sidney, BC"
Artemisia norvegica saxatilis,MaterialCitation,"LGL Limited, Environmental Research Associates, Sidney, BC"
Askellia pygmaea,MaterialCitation,"LGL Limited, Environmental Research Associates, Sidney, BC"
Bidens amplissima,MaterialCitation,"LGL Limited, Environmental Research Associates, Sidney, BC"
Campanula alaskana,MaterialCitation,"LGL Limited, Environmental Research Associates, Sidney, BC"
Cirsium edule,MaterialCitation,"LGL Limited, Environmental Research Associates, Sidney, BC"
Erigeron acris,MaterialCitation,"LGL Limited, Environmental Research Associates, Sidney, BC"
Erigeron canadensis,MaterialCitation,"LGL Limited, Environmental Research Associates, Sidney, BC"
Erigeron compositus,MaterialCitation,"LGL Limited, Environmental Research Associates, Sidney, BC"
Erigeron glacialis glacialis,MaterialCitation,"LGL Limited, Environmental Research Associates, Sidney, BC"
Erigeron glabellus var. pubescens,MaterialCitation,"LGL Limited, Environmental Research Associates, Sidney, BC"
Erigeron peregrinus,MaterialCitation,"LGL Limited, Environmental Research Associates, Sidney, BC"
Eriophyllum lanatum,MaterialCitation,"LGL Limited, Environmental Research Associates, Sidney, BC"
Euthamia graminifolia,MaterialCitation,"LGL Limited, Environmental Research Associates, Sidney, BC"
Grindelia hirsutula,MaterialCitation,"LGL Limited, Environmental Research Associates, Sidney, BC"
Grindelia stricta,MaterialCitation,"LGL Limited, Environmental Research Associates, Sidney, BC"
Heterocodon rariflorum,MaterialCitation,"LGL Limited, Environmental Research Associates, Sidney, BC"
Hieracium albiflorum,MaterialCitation,"LGL Limited, Environmental Research Associates, Sidney, BC"
Madia glomerata,MaterialCitation,"LGL Limited, Environmental Research Associates, Sidney, BC"
Matricaria discoidea,MaterialCitation,"LGL Limited, Environmental Research Associates, Sidney, BC"
Menyanthes trifoliata,MaterialCitation,"LGL Limited, Environmental Research Associates, Sidney, BC"
Nabalus alatus,MaterialCitation,"LGL Limited, Environmental Research Associates, Sidney, BC"
Nephrophyllidium crista-galli,MaterialCitation,"LGL Limited, Environmental Research Associates, Sidney, BC"
Packera pauciflora,MaterialCitation,"LGL Limited, Environmental Research Associates, Sidney, BC"
Petasites frigidus var. nivalis,MaterialCitation,"LGL Limited, Environmental Research Associates, Sidney, BC"
Petasites frigidus var. palmatus,MaterialCitation,"LGL Limited, Environmental Research Associates, Sidney, BC"
Pilosella tristis,MaterialCitation,"LGL Limited, Environmental Research Associates, Sidney, BC"
Pseudognaphalium thermale,MaterialCitation,"LGL Limited, Environmental Research Associates, Sidney, BC"
Senecio fremontii var. fremontii,MaterialCitation,"LGL Limited, Environmental Research Associates, Sidney, BC"
Senecio triangularis,MaterialCitation,"LGL Limited, Environmental Research Associates, Sidney, BC"
Solidago elongata,MaterialCitation,"LGL Limited, Environmental Research Associates, Sidney, BC"
Solidago multiradiata,MaterialCitation,"LGL Limited, Environmental Research Associates, Sidney, BC"
Symphyotrichum ciliolatum,MaterialCitation,"LGL Limited, Environmental Research Associates, Sidney, BC"
Taraxacum alaskanum,MaterialCitation,"LGL Limited, Environmental Research Associates, Sidney, BC"
Tonestus lyallii,MaterialCitation,"LGL Limited, Environmental Research Associates, Sidney, BC"
Lappula occidentalis,MaterialCitation,"LGL Limited, Environmental Research Associates, Sidney, BC"
Myosotis laxa,MaterialCitation,"LGL Limited, Environmental Research Associates, Sidney, BC"
Phacelia hastata hastata,MaterialCitation,"LGL Limited, Environmental Research Associates, Sidney, BC"
Phacelia sericea,MaterialCitation,"LGL Limited, Environmental Research Associates, Sidney, BC"
Romanzoffia sitchensis,MaterialCitation,"LGL Limited, Environmental Research Associates, Sidney, BC"
Arabis eschscholtziana,MaterialCitation,"LGL Limited, Environmental Research Associates, Sidney, BC"
Barbarea orthoceras,MaterialCitation,"LGL Limited, Environmental Research Associates, Sidney, BC"
Boechera calderi,MaterialCitation,"LGL Limited, Environmental Research Associates, Sidney, BC"
Boechera lyallii,MaterialCitation,"LGL Limited, Environmental Research Associates, Sidney, BC"
Boechera stricta,MaterialCitation,"LGL Limited, Environmental Research Associates, Sidney, BC"
Cardamine breweri,MaterialCitation,"LGL Limited, Environmental Research Associates, Sidney, BC"
Cardamine oligosperma,MaterialCitation,"LGL Limited, Environmental Research Associates, Sidney, BC"
Cardamine pensylvanica,MaterialCitation,"LGL Limited, Environmental Research Associates, Sidney, BC"
Cardamine umbellata,MaterialCitation,"LGL Limited, Environmental Research Associates, Sidney, BC"
Draba aurea,MaterialCitation,"LGL Limited, Environmental Research Associates, Sidney, BC"
Draba incerta,MaterialCitation,"LGL Limited, Environmental Research Associates, Sidney, BC"
Draba praealta,MaterialCitation,"LGL Limited, Environmental Research Associates, Sidney, BC"
Draba stenoloba,MaterialCitation,"LGL Limited, Environmental Research Associates, Sidney, BC"
Lepidium virginicum,MaterialCitation,"LGL Limited, Environmental Research Associates, Sidney, BC"
Physaria arctica,MaterialCitation,"LGL Limited, Environmental Research Associates, Sidney, BC"
Rorippa curvisiliqua,MaterialCitation,"LGL Limited, Environmental Research Associates, Sidney, BC"
Turritis glabra,MaterialCitation,"LGL Limited, Environmental Research Associates, Sidney, BC"
Cerastium arvense ssp. strictum,MaterialCitation,"LGL Limited, Environmental Research Associates, Sidney, BC"
Cerastium nutans,MaterialCitation,"LGL Limited, Environmental Research Associates, Sidney, BC"
Sagina saginoides,MaterialCitation,"LGL Limited, Environmental Research Associates, Sidney, BC"
Salicornia virginica,MaterialCitation,"LGL Limited, Environmental Research Associates, Sidney, BC"
Silene acaulis,MaterialCitation,"LGL Limited, Environmental Research Associates, Sidney, BC"
Silene parryi,MaterialCitation,"LGL Limited, Environmental Research Associates, Sidney, BC"
Spergularia canadensis,MaterialCitation,"LGL Limited, Environmental Research Associates, Sidney, BC"
Spergularia macrotheca,MaterialCitation,"LGL Limited, Environmental Research Associates, Sidney, BC"
Stellaria borealis ssp. borealis,MaterialCitation,"LGL Limited, Environmental Research Associates, Sidney, BC"
Stellaria calycantha,MaterialCitation,"LGL Limited, Environmental Research Associates, Sidney, BC"
Stellaria crassifolia,MaterialCitation,"LGL Limited, Environmental Research Associates, Sidney, BC"
Stellaria crispa,MaterialCitation,"LGL Limited, Environmental Research Associates, Sidney, BC"
Stellaria humifusa,MaterialCitation,"LGL Limited, Environmental Research Associates, Sidney, BC"
Stellaria longipes ssp. longipes,MaterialCitation,"LGL Limited, Environmental Research Associates, Sidney, BC"
Claytonia exigua ssp. exigua,MaterialCitation,"LGL Limited, Environmental Research Associates, Sidney, BC"
Claytonia exigua ssp. glauca,MaterialCitation,"LGL Limited, Environmental Research Associates, Sidney, BC"
Claytonia lanceolata,MaterialCitation,"LGL Limited, Environmental Research Associates, Sidney, BC"
Claytonia parviflora,MaterialCitation,"LGL Limited, Environmental Research Associates, Sidney, BC"
Claytonia parviflora var. parviflora,MaterialCitation,"LGL Limited, Environmental Research Associates, Sidney, BC"
Claytonia perfoliata ssp. intermontana,MaterialCitation,"LGL Limited, Environmental Research Associates, Sidney, BC"
Claytonia sibirica,MaterialCitation,"LGL Limited, Environmental Research Associates, Sidney, BC"
Claytonia washingtoniana,MaterialCitation,"LGL Limited, Environmental Research Associates, Sidney, BC"
Drosera anglica,MaterialCitation,"LGL Limited, Environmental Research Associates, Sidney, BC"
Drosera rotundifolia,MaterialCitation,"LGL Limited, Environmental Research Associates, Sidney, BC"
Minuartia biflora,MaterialCitation,"LGL Limited, Environmental Research Associates, Sidney, BC"
Minuartia rubella,MaterialCitation,"LGL Limited, Environmental Research Associates, Sidney, BC"
Minuartia tenella,MaterialCitation,"LGL Limited, Environmental Research Associates, Sidney, BC"
Moehringia macrophylla,MaterialCitation,"LGL Limited, Environmental Research Associates, Sidney, BC"
Montia diffusa,MaterialCitation,"LGL Limited, Environmental Research Associates, Sidney, BC"
Montia parvifolia parvifolia,MaterialCitation,"LGL Limited, Environmental Research Associates, Sidney, BC"
Persicaria lapathifolia,MaterialCitation,"LGL Limited, Environmental Research Associates, Sidney, BC"
Polygonum minimum,MaterialCitation,"LGL Limited, Environmental Research Associates, Sidney, BC"
Polygonum spergulariiforme,MaterialCitation,"LGL Limited, Environmental Research Associates, Sidney, BC"
Polygonum viviparum,MaterialCitation,"LGL Limited, Environmental Research Associates, Sidney, BC"
Sagina saginoides,MaterialCitation,"LGL Limited, Environmental Research Associates, Sidney, BC"
Salicornia virginica,MaterialCitation,"LGL Limited, Environmental Research Associates, Sidney, BC"
Silene acaulis,MaterialCitation,"LGL Limited, Environmental Research Associates, Sidney, BC"
Silene parryi,MaterialCitation,"LGL Limited, Environmental Research Associates, Sidney, BC"
Spergularia canadensis var occidentalis,MaterialCitation,"LGL Limited, Environmental Research Associates, Sidney, BC"
Stellaria borealis ssp. borealis,MaterialCitation,"LGL Limited, Environmental Research Associates, Sidney, BC"
Stellaria calycantha,MaterialCitation,"LGL Limited, Environmental Research Associates, Sidney, BC"
Stellaria crassifolia,MaterialCitation,"LGL Limited, Environmental Research Associates, Sidney, BC"
Stellaria crispa,MaterialCitation,"LGL Limited, Environmental Research Associates, Sidney, BC"
Stellaria longipes ssp. longipes,MaterialCitation,"LGL Limited, Environmental Research Associates, Sidney, BC"
Parnassia fimbriata,MaterialCitation,"LGL Limited, Environmental Research Associates, Sidney, BC"
Paxistima myrsinites,MaterialCitation,"LGL Limited, Environmental Research Associates, Sidney, BC"
Cornus nuttallii,MaterialCitation,"LGL Limited, Environmental Research Associates, Sidney, BC"
Cornus sericea,MaterialCitation,"LGL Limited, Environmental Research Associates, Sidney, BC"
Cornus unalaschkensis,MaterialCitation,"LGL Limited, Environmental Research Associates, Sidney, BC"
Philadelphus lewisii,MaterialCitation,"LGL Limited, Environmental Research Associates, Sidney, BC"
Linnaea borealis ssp. longiflora,MaterialCitation,"LGL Limited, Environmental Research Associates, Sidney, BC"
Lonicera ciliosa,MaterialCitation,"LGL Limited, Environmental Research Associates, Sidney, BC"
Lonicera hispidula,MaterialCitation,"LGL Limited, Environmental Research Associates, Sidney, BC"
Lonicera involucrata var. involucrata,MaterialCitation,"LGL Limited, Environmental Research Associates, Sidney, BC"
Lonicera utahensis,MaterialCitation,"LGL Limited, Environmental Research Associates, Sidney, BC"
Plectritis congesta,MaterialCitation,"LGL Limited, Environmental Research Associates, Sidney, BC"
Sambucus racemosa var. arborescens,MaterialCitation,"LGL Limited, Environmental Research Associates, Sidney, BC"
Symphoricarpos albus var laevigatus,MaterialCitation,"LGL Limited, Environmental Research Associates, Sidney, BC"
Viburnum edule,MaterialCitation,"LGL Limited, Environmental Research Associates, Sidney, BC"
Allotropa virgata,MaterialCitation,"LGL Limited, Environmental Research Associates, Sidney, BC"
Arctostaphylos columbiana,MaterialCitation,"LGL Limited, Environmental Research Associates, Sidney, BC"
Arctostaphylos uva-ursi,MaterialCitation,"LGL Limited, Environmental Research Associates, Sidney, BC"
Arctostaphylos x media,MaterialCitation,"LGL Limited, Environmental Research Associates, Sidney, BC"
Cassiope mertensiana,MaterialCitation,"LGL Limited, Environmental Research Associates, Sidney, BC"
Cassiope mertensiana ssp. mertensiana,MaterialCitation,"LGL Limited, Environmental Research Associates, Sidney, BC"
Cassiope tetragona,MaterialCitation,"LGL Limited, Environmental Research Associates, Sidney, BC"
Chimaphila menziesii,MaterialCitation,"LGL Limited, Environmental Research Associates, Sidney, BC"
Collomia heterophylla,MaterialCitation,"LGL Limited, Environmental Research Associates, Sidney, BC"
Elliottia pyroliflora,MaterialCitation,"LGL Limited, Environmental Research Associates, Sidney, BC"
Empetrum nigrum,MaterialCitation,"LGL Limited, Environmental Research Associates, Sidney, BC"
Arctostaphylos columbiana,MaterialCitation,"LGL Limited, Environmental Research Associates, Sidney, BC"
Arctostaphylos uva-ursi,MaterialCitation,"LGL Limited, Environmental Research Associates, Sidney, BC"
Arctostaphylos x media,MaterialCitation,"LGL Limited, Environmental Research Associates, Sidney, BC"
Cassiope mertensiana ssp. mertensiana,MaterialCitation,"LGL Limited, Environmental Research Associates, Sidney, BC"
Cassiope tetragona,MaterialCitation,"LGL Limited, Environmental Research Associates, Sidney, BC"
Chimaphila menziesii,MaterialCitation,"LGL Limited, Environmental Research Associates, Sidney, BC"
Collomia heterophylla,MaterialCitation,"LGL Limited, Environmental Research Associates, Sidney, BC"
Elliottia pyroliflora,MaterialCitation,"LGL Limited, Environmental Research Associates, Sidney, BC"
Empetrum nigrum,MaterialCitation,"LGL Limited, Environmental Research Associates, Sidney, BC"
Gaultheria hispidula,MaterialCitation,"LGL Limited, Environmental Research Associates, Sidney, BC"
Gaultheria humifusa,MaterialCitation,"LGL Limited, Environmental Research Associates, Sidney, BC"
Gaultheria ovatifolia,MaterialCitation,"LGL Limited, Environmental Research Associates, Sidney, BC"
Gaultheria shallon,MaterialCitation,"LGL Limited, Environmental Research Associates, Sidney, BC"
Hemitomes congestum,MaterialCitation,"LGL Limited, Environmental Research Associates, Sidney, BC"
Kalmia microphylla var. occidentalis,MaterialCitation,"LGL Limited, Environmental Research Associates, Sidney, BC"
Lysimachia borealis,MaterialCitation,"LGL Limited, Environmental Research Associates, Sidney, BC"
Lysimachia europaea arctica,MaterialCitation,"LGL Limited, Environmental Research Associates, Sidney, BC"
Lysimachia latifolia,MaterialCitation,"LGL Limited, Environmental Research Associates, Sidney, BC"
Lysimachia maritima,MaterialCitation,"LGL Limited, Environmental Research Associates, Sidney, BC"
Lysimachia thyrsiflora,MaterialCitation,"LGL Limited, Environmental Research Associates, Sidney, BC"
Microsteris gracilis,MaterialCitation,"LGL Limited, Environmental Research Associates, Sidney, BC"
Moneses uniflora,MaterialCitation,"LGL Limited, Environmental Research Associates, Sidney, BC"
Monotropa hypopitys,MaterialCitation,"LGL Limited, Environmental Research Associates, Sidney, BC"
Monotropa uniflora,MaterialCitation,"LGL Limited, Environmental Research Associates, Sidney, BC"
Orthilia secunda,MaterialCitation,"LGL Limited, Environmental Research Associates, Sidney, BC"
Phlox diffusa longistylis,MaterialCitation,"LGL Limited, Environmental Research Associates, Sidney, BC"
Phyllodoce empetriformis,MaterialCitation,"LGL Limited, Environmental Research Associates, Sidney, BC"
Phyllodoce glanduliflora,MaterialCitation,"LGL Limited, Environmental Research Associates, Sidney, BC"
Polemonium viscosum,MaterialCitation,"LGL Limited, Environmental Research Associates, Sidney, BC"
Primula pauciflora,MaterialCitation,"LGL Limited, Environmental Research Associates, Sidney, BC"
Pterospora andromedea,MaterialCitation,"LGL Limited, Environmental Research Associates, Sidney, BC"
Pyrola asarifolia ssp. asarifolia,MaterialCitation,"LGL Limited, Environmental Research Associates, Sidney, BC"
Pyrola asarifolia ssp. bracteata,MaterialCitation,"LGL Limited, Environmental Research Associates, Sidney, BC"
Pyrola minor,MaterialCitation,"LGL Limited, Environmental Research Associates, Sidney, BC"
Pyrola picta,MaterialCitation,"LGL Limited, Environmental Research Associates, Sidney, BC"
Rhododendron albiflorum,MaterialCitation,"LGL Limited, Environmental Research Associates, Sidney, BC"
Rhododendron groenlandicum,MaterialCitation,"LGL Limited, Environmental Research Associates, Sidney, BC"
Rhododendron macrophyllum,MaterialCitation,"LGL Limited, Environmental Research Associates, Sidney, BC"
Rhododendron menziesii,MaterialCitation,"LGL Limited, Environmental Research Associates, Sidney, BC"
Vaccinium alaskaense,MaterialCitation,"LGL Limited, Environmental Research Associates, Sidney, BC"
Vaccinium cespitosum,MaterialCitation,"LGL Limited, Environmental Research Associates, Sidney, BC"
Vaccinium deliciosum,MaterialCitation,"LGL Limited, Environmental Research Associates, Sidney, BC"
Vaccinium membranaceum,MaterialCitation,"LGL Limited, Environmental Research Associates, Sidney, BC"
Vaccinium ovalifolium,MaterialCitation,"LGL Limited, Environmental Research Associates, Sidney, BC"
Vaccinium oxycoccos,MaterialCitation,"LGL Limited, Environmental Research Associates, Sidney, BC"
Vaccinium parvifolium,MaterialCitation,"LGL Limited, Environmental Research Associates, Sidney, BC"
Acmispon parviflorus,MaterialCitation,"LGL Limited, Environmental Research Associates, Sidney, BC"
Hosackia pinnata,MaterialCitation,"LGL Limited, Environmental Research Associates, Sidney, BC"
Juncus albescens,MaterialCitation,"LGL Limited, Environmental Research Associates, Sidney, BC"
Lathyrus japonicus,MaterialCitation,"LGL Limited, Environmental Research Associates, Sidney, BC"
Lathyrus palustris,MaterialCitation,"LGL Limited, Environmental Research Associates, Sidney, BC"
Lupinus arcticus subalpinus,MaterialCitation,"LGL Limited, Environmental Research Associates, Sidney, BC"
Lupinus littoralis,MaterialCitation,"LGL Limited, Environmental Research Associates, Sidney, BC"
Lupinus polyphyllus,MaterialCitation,"LGL Limited, Environmental Research Associates, Sidney, BC"
Myrica gale,MaterialCitation,"LGL Limited, Environmental Research Associates, Sidney, BC"
Quercus garryana var. garryana,MaterialCitation,"LGL Limited, Environmental Research Associates, Sidney, BC"
Trifolium microdon,MaterialCitation,"LGL Limited, Environmental Research Associates, Sidney, BC"
Trifolium variegatum,MaterialCitation,"LGL Limited, Environmental Research Associates, Sidney, BC"
Trifolium wormskioldii,MaterialCitation,"LGL Limited, Environmental Research Associates, Sidney, BC"
Vicia americana,MaterialCitation,"LGL Limited, Environmental Research Associates, Sidney, BC"
Vicia gigantea,MaterialCitation,"LGL Limited, Environmental Research Associates, Sidney, BC"
Alnus alnobetula ssp. sinuata,MaterialCitation,"LGL Limited, Environmental Research Associates, Sidney, BC"
Alnus incana ssp. tenuifolia,MaterialCitation,"LGL Limited, Environmental Research Associates, Sidney, BC"
Alnus rubra,MaterialCitation,"LGL Limited, Environmental Research Associates, Sidney, BC"
Betula glandulosa,MaterialCitation,"LGL Limited, Environmental Research Associates, Sidney, BC"
Betula papyrifera,MaterialCitation,"LGL Limited, Environmental Research Associates, Sidney, BC"
Corylus cornuta,MaterialCitation,"LGL Limited, Environmental Research Associates, Sidney, BC"
Quercus garryana var. garryana,MaterialCitation,"LGL Limited, Environmental Research Associates, Sidney, BC"
Apocynum androsaemifolium,MaterialCitation,"LGL Limited, Environmental Research Associates, Sidney, BC"
Galium aparine,MaterialCitation,"LGL Limited, Environmental Research Associates, Sidney, BC"
Galium trifidum,MaterialCitation,"LGL Limited, Environmental Research Associates, Sidney, BC"
Galium triflorum,MaterialCitation,"LGL Limited, Environmental Research Associates, Sidney, BC"
Gentiana sceptrum,MaterialCitation,"LGL Limited, Environmental Research Associates, Sidney, BC"
Gentiana glauca,MaterialCitation,"LGL Limited, Environmental Research Associates, Sidney, BC"
Geranium carolinianum,MaterialCitation,"LGL Limited, Environmental Research Associates, Sidney, BC"
Callitriche heterophylla var. bolanderi,MaterialCitation,"LGL Limited, Environmental Research Associates, Sidney, BC"
Callitriche heterophylla var. heterophylla,MaterialCitation,"LGL Limited, Environmental Research Associates, Sidney, BC"
Callitriche palustris,MaterialCitation,"LGL Limited, Environmental Research Associates, Sidney, BC"
Castilleja elmeri,MaterialCitation,"LGL Limited, Environmental Research Associates, Sidney, BC"
Castilleja hispida var. hispida,MaterialCitation,"LGL Limited, Environmental Research Associates, Sidney, BC"
Castilleja miniata,MaterialCitation,"LGL Limited, Environmental Research Associates, Sidney, BC"
Castilleja parviflora,MaterialCitation,"LGL Limited, Environmental Research Associates, Sidney, BC"
Castilleja parviflora albida,MaterialCitation,"LGL Limited, Environmental Research Associates, Sidney, BC"
Castilleja parviflora var. parviflora,MaterialCitation,"LGL Limited, Environmental Research Associates, Sidney, BC"
Castilleja rhexiifolia,MaterialCitation,"LGL Limited, Environmental Research Associates, Sidney, BC"
Clinopodium douglasii,MaterialCitation,"LGL Limited, Environmental Research Associates, Sidney, BC"
Collinsia grandiflora,MaterialCitation,"LGL Limited, Environmental Research Associates, Sidney, BC"
Collinsia parviflora,MaterialCitation,"LGL Limited, Environmental Research Associates, Sidney, BC"
Erythranthe caespitosa,MaterialCitation,"LGL Limited, Environmental Research Associates, Sidney, BC"
Erythranthe guttata,MaterialCitation,"LGL Limited, Environmental Research Associates, Sidney, BC"
Erythranthe lewisii,MaterialCitation,"LGL Limited, Environmental Research Associates, Sidney, BC"
Erythranthe microphylla,MaterialCitation,"LGL Limited, Environmental Research Associates, Sidney, BC"
Erythranthe nasuta,MaterialCitation,"LGL Limited, Environmental Research Associates, Sidney, BC"
Kopsiopsis hookeri,MaterialCitation,"LGL Limited, Environmental Research Associates, Sidney, BC"
Lycopus uniflorus,MaterialCitation,"LGL Limited, Environmental Research Associates, Sidney, BC"
Melampyrum lineare var. lineare,MaterialCitation,"LGL Limited, Environmental Research Associates, Sidney, BC"
Mentha arvensis,MaterialCitation,"LGL Limited, Environmental Research Associates, Sidney, BC"
Oxyria digyna,MaterialCitation,"LGL Limited, Environmental Research Associates, Sidney, BC"
Pedicularis racemosa,MaterialCitation,"LGL Limited, Environmental Research Associates, Sidney, BC"
Penstemon davidsonii menziesii,MaterialCitation,"LGL Limited, Environmental Research Associates, Sidney, BC"
Penstemon procerus tolmiei,MaterialCitation,"LGL Limited, Environmental Research Associates, Sidney, BC"
Penstemon serrulatus,MaterialCitation,"LGL Limited, Environmental Research Associates, Sidney, BC"
Plantago elongata,MaterialCitation,"LGL Limited, Environmental Research Associates, Sidney, BC"
Plantago macrocarpa,MaterialCitation,"LGL Limited, Environmental Research Associates, Sidney, BC"
Plantago maritima,MaterialCitation,"LGL Limited, Environmental Research Associates, Sidney, BC"
Plantago maritima juncoides,MaterialCitation,"LGL Limited, Environmental Research Associates, Sidney, BC"
Prunella vulgaris ssp. lanceolata,MaterialCitation,"LGL Limited, Environmental Research Associates, Sidney, BC"
Veronica beccabunga,MaterialCitation,"LGL Limited, Environmental Research Associates, Sidney, BC"
Veronica scutellata,MaterialCitation,"LGL Limited, Environmental Research Associates, Sidney, BC"
Euphorbia glyptosperma,MaterialCitation,"LGL Limited, Environmental Research Associates, Sidney, BC"
Hypericum anagalloides,MaterialCitation,"LGL Limited, Environmental Research Associates, Sidney, BC"
Hypericum scouleri,MaterialCitation,"LGL Limited, Environmental Research Associates, Sidney, BC"
Populus balsamifera,MaterialCitation,"LGL Limited, Environmental Research Associates, Sidney, BC"
Populus tremuloides,MaterialCitation,"LGL Limited, Environmental Research Associates, Sidney, BC"
Populus trichocarpa,MaterialCitation,"LGL Limited, Environmental Research Associates, Sidney, BC"
Salix arctica,MaterialCitation,"LGL Limited, Environmental Research Associates, Sidney, BC"
Salix commutata,MaterialCitation,"LGL Limited, Environmental Research Associates, Sidney, BC"
Salix hookeriana,MaterialCitation,"LGL Limited, Environmental Research Associates, Sidney, BC"
Salix lasiandra lasiandra,MaterialCitation,"LGL Limited, Environmental Research Associates, Sidney, BC"
Salix nivalis,MaterialCitation,"LGL Limited, Environmental Research Associates, Sidney, BC"
Salix scouleriana,MaterialCitation,"LGL Limited, Environmental Research Associates, Sidney, BC"
Salix sitchensis,MaterialCitation,"LGL Limited, Environmental Research Associates, Sidney, BC"
Viola adunca var. adunca,MaterialCitation,"LGL Limited, Environmental Research Associates, Sidney, BC"
Viola glabella,MaterialCitation,"LGL Limited, Environmental Research Associates, Sidney, BC"
Viola orbiculata,MaterialCitation,"LGL Limited, Environmental Research Associates, Sidney, BC"
Viola sempervirens,MaterialCitation,"LGL Limited, Environmental Research Associates, Sidney, BC"
Sidalcea hendersonii,MaterialCitation,"LGL Limited, Environmental Research Associates, Sidney, BC"
Chamaenerion angustifolium,MaterialCitation,"LGL Limited, Environmental Research Associates, Sidney, BC"
Chamaenerion latifolium,MaterialCitation,"LGL Limited, Environmental Research Associates, Sidney, BC"
Circaea alpina,MaterialCitation,"LGL Limited, Environmental Research Associates, Sidney, BC"
Circaea alpina ssp. alpina,MaterialCitation,"LGL Limited, Environmental Research Associates, Sidney, BC"
Circaea alpina ssp. pacifica,MaterialCitation,"LGL Limited, Environmental Research Associates, Sidney, BC"
Epilobium anagallidifolium,MaterialCitation,"LGL Limited, Environmental Research Associates, Sidney, BC"
Epilobium brachycarpum,MaterialCitation,"LGL Limited, Environmental Research Associates, Sidney, BC"
Epilobium ciliatum,MaterialCitation,"LGL Limited, Environmental Research Associates, Sidney, BC"
Epilobium clavatum,MaterialCitation,"LGL Limited, Environmental Research Associates, Sidney, BC"
Epilobium hornemannii,MaterialCitation,"LGL Limited, Environmental Research Associates, Sidney, BC"
Epilobium hornemannii ssp. behringianum,MaterialCitation,"LGL Limited, Environmental Research Associates, Sidney, BC"
Epilobium hornemannii ssp. hornemannii,MaterialCitation,"LGL Limited, Environmental Research Associates, Sidney, BC"
Epilobium lactiflorum,MaterialCitation,"LGL Limited, Environmental Research Associates, Sidney, BC"
Epilobium leptocarpum,MaterialCitation,"LGL Limited, Environmental Research Associates, Sidney, BC"
Epilobium luteum,MaterialCitation,"LGL Limited, Environmental Research Associates, Sidney, BC"
Epilobium minutum,MaterialCitation,"LGL Limited, Environmental Research Associates, Sidney, BC"
Epilobium obscurum,MaterialCitation,"LGL Limited, Environmental Research Associates, Sidney, BC"
Brasenia schreberi,MaterialCitation,"LGL Limited, Environmental Research Associates, Sidney, BC"
Nuphar polysepala,MaterialCitation,"LGL Limited, Environmental Research Associates, Sidney, BC"
Asarum caudatum,MaterialCitation,"LGL Limited, Environmental Research Associates, Sidney, BC"