scientificName,recordedBy,datasetName,eventDate
Abies grandis,Harvey Janszen,Outer Gulf Islands Vascular Plant Checklist,2003-08-10
Acer glabrum var. douglasii,Harvey Janszen,Outer Gulf Islands Vascular Plant Checklist,2003-08-10
Acer macrophyllum,Harvey Janszen,Outer Gulf Islands Vascular Plant Checklist,2003-08-10
Achnatherum lemmonii var. lemmonii,Harvey Janszen,Outer Gulf Islands Vascular Plant Checklist,2003-08-10
Achillea millefolium,Harvey Janszen,Outer Gulf Islands Vascular Plant Checklist,2003-08-10
Achlys triphylla,Harvey Janszen,Outer Gulf Islands Vascular Plant Checklist,2003-08-10
Actaea rubra,Harvey Janszen,Outer Gulf Islands Vascular Plant Checklist,2003-08-10
Adenocaulon bicolor,Harvey Janszen,Outer Gulf Islands Vascular Plant Checklist,2003-08-10
Agoseris grandiflora,Harvey Janszen,Outer Gulf Islands Vascular Plant Checklist,2003-08-10
Agoseris heterophylla,Harvey Janszen,Outer Gulf Islands Vascular Plant Checklist,2003-08-10
Agrostis exarata,Harvey Janszen,Outer Gulf Islands Vascular Plant Checklist,2003-08-10
Agrostis gigantea,Harvey Janszen,Outer Gulf Islands Vascular Plant Checklist,2003-08-10
Agrostis pallens,Harvey Janszen,Outer Gulf Islands Vascular Plant Checklist,2003-08-10
Agrostis palustris,Harvey Janszen,Outer Gulf Islands Vascular Plant Checklist,2003-08-10
Agrostis scabra,Harvey Janszen,Outer Gulf Islands Vascular Plant Checklist,2003-08-10
Aira caryophyllea,Harvey Janszen,Outer Gulf Islands Vascular Plant Checklist,2003-08-10
Aira praecox,Harvey Janszen,Outer Gulf Islands Vascular Plant Checklist,2003-08-10
Allium acuminatum,Harvey Janszen,Outer Gulf Islands Vascular Plant Checklist,2003-08-10
Allium amplectens,Harvey Janszen,Outer Gulf Islands Vascular Plant Checklist,2003-08-10
Allium cernuum,Harvey Janszen,Outer Gulf Islands Vascular Plant Checklist,2003-08-10
Allotropa virgata,Harvey Janszen,Outer Gulf Islands Vascular Plant Checklist,2003-08-10
Alnus rubra,Harvey Janszen,Outer Gulf Islands Vascular Plant Checklist,2003-08-10
Alopecurus geniculatus,Harvey Janszen,Outer Gulf Islands Vascular Plant Checklist,2003-08-10
Alopecurus pratensis,Harvey Janszen,Outer Gulf Islands Vascular Plant Checklist,2003-08-10
Althaea rosea,Harvey Janszen,Outer Gulf Islands Vascular Plant Checklist,2003-08-10
Amaranthus powellii,Harvey Janszen,Outer Gulf Islands Vascular Plant Checklist,2003-08-10
Amelanchier alnifolia,Harvey Janszen,Outer Gulf Islands Vascular Plant Checklist,2003-08-10
Amsinckia menziesii,Harvey Janszen,Outer Gulf Islands Vascular Plant Checklist,2003-08-10
Anagallis arvensis,Harvey Janszen,Outer Gulf Islands Vascular Plant Checklist,2003-08-10
Anaphalis margaritacea,Harvey Janszen,Outer Gulf Islands Vascular Plant Checklist,2003-08-10
Andromeda polifolia,Harvey Janszen,Outer Gulf Islands Vascular Plant Checklist,2003-08-10
Angelica genuflexa,Harvey Janszen,Outer Gulf Islands Vascular Plant Checklist,2003-08-10
Anthemis cotula,Harvey Janszen,Outer Gulf Islands Vascular Plant Checklist,2003-08-10
Anthoxanthum odoratum,Harvey Janszen,Outer Gulf Islands Vascular Plant Checklist,2003-08-10
Anthoxanthum puelii,Harvey Janszen,Outer Gulf Islands Vascular Plant Checklist,2003-08-10
Anthriscus caucalis,Harvey Janszen,Outer Gulf Islands Vascular Plant Checklist,2003-08-10
Aphanes arvensis,Harvey Janszen,Outer Gulf Islands Vascular Plant Checklist,2003-08-10
Apocynum androsaemifolium,Harvey Janszen,Outer Gulf Islands Vascular Plant Checklist,2003-08-10
Aquilegia formosa,Harvey Janszen,Outer Gulf Islands Vascular Plant Checklist,2003-08-10
Arabis eschscholtziana,Harvey Janszen,Outer Gulf Islands Vascular Plant Checklist,2003-08-10
Arabis  glabra,Harvey Janszen,Outer Gulf Islands Vascular Plant Checklist,2003-08-10
Arbutus menziesii,Harvey Janszen,Outer Gulf Islands Vascular Plant Checklist,2003-08-10
Arctium minus,Harvey Janszen,Outer Gulf Islands Vascular Plant Checklist,2003-08-10
Arctostaphylos columbiana,Harvey Janszen,Outer Gulf Islands Vascular Plant Checklist,2003-08-10
Arctostaphylos uva-ursi,Harvey Janszen,Outer Gulf Islands Vascular Plant Checklist,2003-08-10
Arctostaphylos x-media,Harvey Janszen,Outer Gulf Islands Vascular Plant Checklist,2003-08-10
Arenaria serpyllifolia,Harvey Janszen,Outer Gulf Islands Vascular Plant Checklist,2003-08-10
Arrhenatherum elatius,Harvey Janszen,Outer Gulf Islands Vascular Plant Checklist,2003-08-10
Artemisa campestris,Harvey Janszen,Outer Gulf Islands Vascular Plant Checklist,2003-08-10
Artemisa suksdorfii,Harvey Janszen,Outer Gulf Islands Vascular Plant Checklist,2003-08-10
Aster chilensis,Harvey Janszen,Outer Gulf Islands Vascular Plant Checklist,2003-08-10
Aster subspicatus,Harvey Janszen,Outer Gulf Islands Vascular Plant Checklist,2003-08-10
Aster chilensis x subspicatus (?),Harvey Janszen,Outer Gulf Islands Vascular Plant Checklist,2003-08-10
Athyrium filix-femina,Harvey Janszen,Outer Gulf Islands Vascular Plant Checklist,2003-08-10
Athysanus pusillus,Harvey Janszen,Outer Gulf Islands Vascular Plant Checklist,2003-08-10
Atriplex subspicata,Harvey Janszen,Outer Gulf Islands Vascular Plant Checklist,2003-08-10
Avena sativa,Harvey Janszen,Outer Gulf Islands Vascular Plant Checklist,2003-08-10
Barbarea orthoceras,Harvey Janszen,Outer Gulf Islands Vascular Plant Checklist,2003-08-10
Betula papyrifera,Harvey Janszen,Outer Gulf Islands Vascular Plant Checklist,2003-08-10
Blechnum spicant,Harvey Janszen,Outer Gulf Islands Vascular Plant Checklist,2003-08-10
Botrychium multifidum,Harvey Janszen,Outer Gulf Islands Vascular Plant Checklist,2003-08-10
Brodiaea coronaria,Harvey Janszen,Outer Gulf Islands Vascular Plant Checklist,2003-08-10
Bromus carinatus,Harvey Janszen,Outer Gulf Islands Vascular Plant Checklist,2003-08-10
Bromus hordeaceus,Harvey Janszen,Outer Gulf Islands Vascular Plant Checklist,2003-08-10
Bromus inermis,Harvey Janszen,Outer Gulf Islands Vascular Plant Checklist,2003-08-10
Bromus rigidus,Harvey Janszen,Outer Gulf Islands Vascular Plant Checklist,2003-08-10
Bromus sitchensis,Harvey Janszen,Outer Gulf Islands Vascular Plant Checklist,2003-08-10
Bromus sterilis,Harvey Janszen,Outer Gulf Islands Vascular Plant Checklist,2003-08-10
Bromus tectorum,Harvey Janszen,Outer Gulf Islands Vascular Plant Checklist,2003-08-10
Bromus vulgaris,Harvey Janszen,Outer Gulf Islands Vascular Plant Checklist,2003-08-10
Buddleja davidii,Harvey Janszen,Outer Gulf Islands Vascular Plant Checklist,2003-08-10
Calandrinia ciliata,Harvey Janszen,Outer Gulf Islands Vascular Plant Checklist,2003-08-10
Callitriche heterophylla var bolanderi,Harvey Janszen,Outer Gulf Islands Vascular Plant Checklist,2003-08-10
Calypso bulbosa,Harvey Janszen,Outer Gulf Islands Vascular Plant Checklist,2003-08-10
Camassia leichtlinii,Harvey Janszen,Outer Gulf Islands Vascular Plant Checklist,2003-08-10
Camassia quamash,Harvey Janszen,Outer Gulf Islands Vascular Plant Checklist,2003-08-10
Campanula rotundifolia,Harvey Janszen,Outer Gulf Islands Vascular Plant Checklist,2003-08-10
Campanula scouleri,Harvey Janszen,Outer Gulf Islands Vascular Plant Checklist,2003-08-10
Capsella bursa-pastoris,Harvey Janszen,Outer Gulf Islands Vascular Plant Checklist,2003-08-10
Cardamine oligosperma,Harvey Janszen,Outer Gulf Islands Vascular Plant Checklist,2003-08-10
Cardamine pensylvanica,Harvey Janszen,Outer Gulf Islands Vascular Plant Checklist,2003-08-10
Cardamine pulcherrima,Harvey Janszen,Outer Gulf Islands Vascular Plant Checklist,2003-08-10
Carex arcta,Harvey Janszen,Outer Gulf Islands Vascular Plant Checklist,2003-08-10
Carex aurea,Harvey Janszen,Outer Gulf Islands Vascular Plant Checklist,2003-08-10
Carex canescens,Harvey Janszen,Outer Gulf Islands Vascular Plant Checklist,2003-08-10
Carex cusickii,Harvey Janszen,Outer Gulf Islands Vascular Plant Checklist,2003-08-10
Carex deweyana,Harvey Janszen,Outer Gulf Islands Vascular Plant Checklist,2003-08-10
Carex echinata,Harvey Janszen,Outer Gulf Islands Vascular Plant Checklist,2003-08-10
Carex exsiccata,Harvey Janszen,Outer Gulf Islands Vascular Plant Checklist,2003-08-10
Carex flava,Harvey Janszen,Outer Gulf Islands Vascular Plant Checklist,2003-08-10
Carex hendersonii,Harvey Janszen,Outer Gulf Islands Vascular Plant Checklist,2003-08-10
Carex inops,Harvey Janszen,Outer Gulf Islands Vascular Plant Checklist,2003-08-10
Carex lasiocarpa,Harvey Janszen,Outer Gulf Islands Vascular Plant Checklist,2003-08-10
Carex lenticularis,Harvey Janszen,Outer Gulf Islands Vascular Plant Checklist,2003-08-10
Carex leptalea,Harvey Janszen,Outer Gulf Islands Vascular Plant Checklist,2003-08-10
Carex livida,Harvey Janszen,Outer Gulf Islands Vascular Plant Checklist,2003-08-10
Carex. lyngbyei,Harvey Janszen,Outer Gulf Islands Vascular Plant Checklist,2003-08-10
Carex obnupta,Harvey Janszen,Outer Gulf Islands Vascular Plant Checklist,2003-08-10
Carex pachystachya,Harvey Janszen,Outer Gulf Islands Vascular Plant Checklist,2003-08-10
Carex sitchensis,Harvey Janszen,Outer Gulf Islands Vascular Plant Checklist,2003-08-10
Carex tracyi,Harvey Janszen,Outer Gulf Islands Vascular Plant Checklist,2003-08-10
Carex utriculata,Harvey Janszen,Outer Gulf Islands Vascular Plant Checklist,2003-08-10
Carex viridula,Harvey Janszen,Outer Gulf Islands Vascular Plant Checklist,2003-08-10
Castilleja attenuatus,Harvey Janszen,Outer Gulf Islands Vascular Plant Checklist,2003-08-10
Ceanothus sanguineus,Harvey Janszen,Outer Gulf Islands Vascular Plant Checklist,2003-08-10
Centarium erythraea,Harvey Janszen,Outer Gulf Islands Vascular Plant Checklist,2003-08-10
Cerastium arvense,Harvey Janszen,Outer Gulf Islands Vascular Plant Checklist,2003-08-10
Cerastium fontanum,Harvey Janszen,Outer Gulf Islands Vascular Plant Checklist,2003-08-10
Cerastium glomeratum,Harvey Janszen,Outer Gulf Islands Vascular Plant Checklist,2003-08-10
Ceratophyllum echinatum,Harvey Janszen,Outer Gulf Islands Vascular Plant Checklist,2003-08-10
Chenopodium album,Harvey Janszen,Outer Gulf Islands Vascular Plant Checklist,2003-08-10
Chimaphila umbellata,Harvey Janszen,Outer Gulf Islands Vascular Plant Checklist,2003-08-10
Cichorium intybus,Harvey Janszen,Outer Gulf Islands Vascular Plant Checklist,2003-08-10
Cicuta douglasii,Harvey Janszen,Outer Gulf Islands Vascular Plant Checklist,2003-08-10
Cinna latifolia,Harvey Janszen,Outer Gulf Islands Vascular Plant Checklist,2003-08-10
Circea alpina,Harvey Janszen,Outer Gulf Islands Vascular Plant Checklist,2003-08-10
Cirsium arvense,Harvey Janszen,Outer Gulf Islands Vascular Plant Checklist,2003-08-10
Cirsium brevistylum,Harvey Janszen,Outer Gulf Islands Vascular Plant Checklist,2003-08-10
Cirsium vulgare,Harvey Janszen,Outer Gulf Islands Vascular Plant Checklist,2003-08-10
Cistus sp,Harvey Janszen,Outer Gulf Islands Vascular Plant Checklist,2003-08-10
Claytonia perfoliata,Harvey Janszen,Outer Gulf Islands Vascular Plant Checklist,2003-08-10
Claytonia sibirica,Harvey Janszen,Outer Gulf Islands Vascular Plant Checklist,2003-08-10
Claytonia spathulata,Harvey Janszen,Outer Gulf Islands Vascular Plant Checklist,2003-08-10
Clarkia amoena,Harvey Janszen,Outer Gulf Islands Vascular Plant Checklist,2003-08-10
Collinsia grandiflora,Harvey Janszen,Outer Gulf Islands Vascular Plant Checklist,2003-08-10
Collinsia parviflora,Harvey Janszen,Outer Gulf Islands Vascular Plant Checklist,2003-08-10
Collomia heterophylla,Harvey Janszen,Outer Gulf Islands Vascular Plant Checklist,2003-08-10
Consolida ambigua,Harvey Janszen,Outer Gulf Islands Vascular Plant Checklist,2003-08-10
Convolvulus arvensis,Harvey Janszen,Outer Gulf Islands Vascular Plant Checklist,2003-08-10
Convolvulus sepium,Harvey Janszen,Outer Gulf Islands Vascular Plant Checklist,2003-08-10
Conyza canadensis,Harvey Janszen,Outer Gulf Islands Vascular Plant Checklist,2003-08-10
Corallorhiza maculata,Harvey Janszen,Outer Gulf Islands Vascular Plant Checklist,2003-08-10
Corallorhiza striata,Harvey Janszen,Outer Gulf Islands Vascular Plant Checklist,2003-08-10
Cornus nuttallii,Harvey Janszen,Outer Gulf Islands Vascular Plant Checklist,2003-08-10
Cornus stolonifera,Harvey Janszen,Outer Gulf Islands Vascular Plant Checklist,2003-08-10
Cotoneaster Dielsianus,Harvey Janszen,Outer Gulf Islands Vascular Plant Checklist,2003-08-10
Crassula connata var connata,Harvey Janszen,Outer Gulf Islands Vascular Plant Checklist,2003-08-10
Crataegus douglasii,Harvey Janszen,Outer Gulf Islands Vascular Plant Checklist,2003-08-10
Crataegus monogyna,Harvey Janszen,Outer Gulf Islands Vascular Plant Checklist,2003-08-10
Crepis capillaris,Harvey Janszen,Outer Gulf Islands Vascular Plant Checklist,2003-08-10
Crocidium multicaule,Harvey Janszen,Outer Gulf Islands Vascular Plant Checklist,2003-08-10
Cynosurus cristatus,Harvey Janszen,Outer Gulf Islands Vascular Plant Checklist,2003-08-10
Cynosurus echinatus,Harvey Janszen,Outer Gulf Islands Vascular Plant Checklist,2003-08-10
Cystopteris fragilis,Harvey Janszen,Outer Gulf Islands Vascular Plant Checklist,2003-08-10
Cytisus scoparius,Harvey Janszen,Outer Gulf Islands Vascular Plant Checklist,2003-08-10
Dactylis glomerata,Harvey Janszen,Outer Gulf Islands Vascular Plant Checklist,2003-08-10
Danthonia californica,Harvey Janszen,Outer Gulf Islands Vascular Plant Checklist,2003-08-10
Datura stramonium,Harvey Janszen,Outer Gulf Islands Vascular Plant Checklist,2003-08-10
Daucus carrota,Harvey Janszen,Outer Gulf Islands Vascular Plant Checklist,2003-08-10
Daucus pusillus,Harvey Janszen,Outer Gulf Islands Vascular Plant Checklist,2003-08-10
Delphinium menziesii,Harvey Janszen,Outer Gulf Islands Vascular Plant Checklist,2003-08-10
Deschampsia danthonioides,Harvey Janszen,Outer Gulf Islands Vascular Plant Checklist,2003-08-10
Deschampsia elongata,Harvey Janszen,Outer Gulf Islands Vascular Plant Checklist,2003-08-10
Dianthus armeria,Harvey Janszen,Outer Gulf Islands Vascular Plant Checklist,2003-08-10
Digitalis purpurea,Harvey Janszen,Outer Gulf Islands Vascular Plant Checklist,2003-08-10
Distichlis spicata,Harvey Janszen,Outer Gulf Islands Vascular Plant Checklist,2003-08-10
Dodecatheon hendersonii,Harvey Janszen,Outer Gulf Islands Vascular Plant Checklist,2003-08-10
Dodecatheon pulchellum,Harvey Janszen,Outer Gulf Islands Vascular Plant Checklist,2003-08-10
Draba nemorosa,Harvey Janszen,Outer Gulf Islands Vascular Plant Checklist,2003-08-10
Draba verna,Harvey Janszen,Outer Gulf Islands Vascular Plant Checklist,2003-08-10
Drosera rotundifolia,Harvey Janszen,Outer Gulf Islands Vascular Plant Checklist,2003-08-10
Dryopteris expansa,Harvey Janszen,Outer Gulf Islands Vascular Plant Checklist,2003-08-10
Dulichium arundinaceum,Harvey Janszen,Outer Gulf Islands Vascular Plant Checklist,2003-08-10
Echium vulgare,Harvey Janszen,Outer Gulf Islands Vascular Plant Checklist,2003-08-10
Eleocharis palustris,Harvey Janszen,Outer Gulf Islands Vascular Plant Checklist,2003-08-10
Elodea canadensis,Harvey Janszen,Outer Gulf Islands Vascular Plant Checklist,2003-08-10
Elymus glaucus,Harvey Janszen,Outer Gulf Islands Vascular Plant Checklist,2003-08-10
Elymus repens,Harvey Janszen,Outer Gulf Islands Vascular Plant Checklist,2003-08-10
Epilobium angustifolium,Harvey Janszen,Outer Gulf Islands Vascular Plant Checklist,2003-08-10
Epilobium brachycarpum,Harvey Janszen,Outer Gulf Islands Vascular Plant Checklist,2003-08-10
Epilobium ciliatum ssp. Watsonii,Harvey Janszen,Outer Gulf Islands Vascular Plant Checklist,2003-08-10
Epilobium minutum,Harvey Janszen,Outer Gulf Islands Vascular Plant Checklist,2003-08-10
Equisetum arvense,Harvey Janszen,Outer Gulf Islands Vascular Plant Checklist,2003-08-10
Equisetum hyemale,Harvey Janszen,Outer Gulf Islands Vascular Plant Checklist,2003-08-10
Equisetum telmateia,Harvey Janszen,Outer Gulf Islands Vascular Plant Checklist,2003-08-10
Eriophorum angustifolium,Harvey Janszen,Outer Gulf Islands Vascular Plant Checklist,2003-08-10
Eriophorum chamissonis,Harvey Janszen,Outer Gulf Islands Vascular Plant Checklist,2003-08-10
Eriophyllum lanatum,Harvey Janszen,Outer Gulf Islands Vascular Plant Checklist,2003-08-10
Erodium cicutarium,Harvey Janszen,Outer Gulf Islands Vascular Plant Checklist,2003-08-10
Erysimum cheianthoides,Harvey Janszen,Outer Gulf Islands Vascular Plant Checklist,2003-08-10
Erythronium oregonum,Harvey Janszen,Outer Gulf Islands Vascular Plant Checklist,2003-08-10
Eschscholzia californica,Harvey Janszen,Outer Gulf Islands Vascular Plant Checklist,2003-08-10
Euphorbia peplus,Harvey Janszen,Outer Gulf Islands Vascular Plant Checklist,2003-08-10
Euphrasia nemorosa,Harvey Janszen,Outer Gulf Islands Vascular Plant Checklist,2003-08-10
Festuca arundinaceae,Harvey Janszen,Outer Gulf Islands Vascular Plant Checklist,2003-08-10
Festuca idahoensis var. roemeri,Harvey Janszen,Outer Gulf Islands Vascular Plant Checklist,2003-08-10
Festuca occidentalis,Harvey Janszen,Outer Gulf Islands Vascular Plant Checklist,2003-08-10
Festuca pratensis,Harvey Janszen,Outer Gulf Islands Vascular Plant Checklist,2003-08-10
Festuca rubra sens. lat.,Harvey Janszen,Outer Gulf Islands Vascular Plant Checklist,2003-08-10
Festuca subulata,Harvey Janszen,Outer Gulf Islands Vascular Plant Checklist,2003-08-10
Festuca subuliflora,Harvey Janszen,Outer Gulf Islands Vascular Plant Checklist,2003-08-10
Filago vulgaris,Harvey Janszen,Outer Gulf Islands Vascular Plant Checklist,2003-08-10
Fragaria chiloensis,Harvey Janszen,Outer Gulf Islands Vascular Plant Checklist,2003-08-10
Fragaria vesca,Harvey Janszen,Outer Gulf Islands Vascular Plant Checklist,2003-08-10
Fritillaria affinis,Harvey Janszen,Outer Gulf Islands Vascular Plant Checklist,2003-08-10
Galium aparine,Harvey Janszen,Outer Gulf Islands Vascular Plant Checklist,2003-08-10
Gallium mollugo,Harvey Janszen,Outer Gulf Islands Vascular Plant Checklist,2003-08-10
Gallium trifidum,Harvey Janszen,Outer Gulf Islands Vascular Plant Checklist,2003-08-10
Gallium triflorum,Harvey Janszen,Outer Gulf Islands Vascular Plant Checklist,2003-08-10
Gaultheria shallon,Harvey Janszen,Outer Gulf Islands Vascular Plant Checklist,2003-08-10
Geranium bicknelii,Harvey Janszen,Outer Gulf Islands Vascular Plant Checklist,2003-08-10
Geranium carolinanum,Harvey Janszen,Outer Gulf Islands Vascular Plant Checklist,2003-08-10
G. dissectum,Harvey Janszen,Outer Gulf Islands Vascular Plant Checklist,2003-08-10
Geranium molle,Harvey Janszen,Outer Gulf Islands Vascular Plant Checklist,2003-08-10
G. pusillum,Harvey Janszen,Outer Gulf Islands Vascular Plant Checklist,2003-08-10
G. robertianum,Harvey Janszen,Outer Gulf Islands Vascular Plant Checklist,2003-08-10
Geum macrophyllum,Harvey Janszen,Outer Gulf Islands Vascular Plant Checklist,2003-08-10
Glaux maritima,Harvey Janszen,Outer Gulf Islands Vascular Plant Checklist,2003-08-10
Glecoma hederacea,Harvey Janszen,Outer Gulf Islands Vascular Plant Checklist,2003-08-10
Glyceria borealis,Harvey Janszen,Outer Gulf Islands Vascular Plant Checklist,2003-08-10
G. leptostachya,Harvey Janszen,Outer Gulf Islands Vascular Plant Checklist,2003-08-10
G. striata,Harvey Janszen,Outer Gulf Islands Vascular Plant Checklist,2003-08-10
G. palustre,Harvey Janszen,Outer Gulf Islands Vascular Plant Checklist,2003-08-10
G. purpureum,Harvey Janszen,Outer Gulf Islands Vascular Plant Checklist,2003-08-10
G. uliginosum,Harvey Janszen,Outer Gulf Islands Vascular Plant Checklist,2003-08-10
G. squarrosa,Harvey Janszen,Outer Gulf Islands Vascular Plant Checklist,2003-08-10
Hedera helix,Harvey Janszen,Outer Gulf Islands Vascular Plant Checklist,2003-08-10
Hesperis matronalis,Harvey Janszen,Outer Gulf Islands Vascular Plant Checklist,2003-08-10
Heuchera micrantha,Harvey Janszen,Outer Gulf Islands Vascular Plant Checklist,2003-08-10
Hieracium albiflorum,Harvey Janszen,Outer Gulf Islands Vascular Plant Checklist,2003-08-10
Holcus lanatus,Harvey Janszen,Outer Gulf Islands Vascular Plant Checklist,2003-08-10
Holodiscus discolor,Harvey Janszen,Outer Gulf Islands Vascular Plant Checklist,2003-08-10
Hordeum brachyantherum,Harvey Janszen,Outer Gulf Islands Vascular Plant Checklist,2003-08-10
H. murinum,Harvey Janszen,Outer Gulf Islands Vascular Plant Checklist,2003-08-10
Hypericum anagalloides,Harvey Janszen,Outer Gulf Islands Vascular Plant Checklist,2003-08-10
H. calycinium,Harvey Janszen,Outer Gulf Islands Vascular Plant Checklist,2003-08-10
H. perforatum,Harvey Janszen,Outer Gulf Islands Vascular Plant Checklist,2003-08-10
Hypochaeris glabra,Harvey Janszen,Outer Gulf Islands Vascular Plant Checklist,2003-08-10
Hypochaeris radicata,Harvey Janszen,Outer Gulf Islands Vascular Plant Checklist,2003-08-10
Hypopitys monotropa,Harvey Janszen,Outer Gulf Islands Vascular Plant Checklist,2003-08-10
Ilex aquifolium,Harvey Janszen,Outer Gulf Islands Vascular Plant Checklist,2003-08-10
Iris pseudacorus,Harvey Janszen,Outer Gulf Islands Vascular Plant Checklist,2003-08-10
Juncus acuminatus,Harvey Janszen,Outer Gulf Islands Vascular Plant Checklist,2003-08-10
J. articulatus,Harvey Janszen,Outer Gulf Islands Vascular Plant Checklist,2003-08-10
J. balticus,Harvey Janszen,Outer Gulf Islands Vascular Plant Checklist,2003-08-10
J. bolanderi,Harvey Janszen,Outer Gulf Islands Vascular Plant Checklist,2003-08-10
J. bufonius,Harvey Janszen,Outer Gulf Islands Vascular Plant Checklist,2003-08-10
J. effusus vars.,Harvey Janszen,Outer Gulf Islands Vascular Plant Checklist,2003-08-10
J. ensifolius,Harvey Janszen,Outer Gulf Islands Vascular Plant Checklist,2003-08-10
J. oxymeris,Harvey Janszen,Outer Gulf Islands Vascular Plant Checklist,2003-08-10
J. tenuis,Harvey Janszen,Outer Gulf Islands Vascular Plant Checklist,2003-08-10
Kalmia occidentalis,Harvey Janszen,Outer Gulf Islands Vascular Plant Checklist,2003-08-10
Koeleria macrantha,Harvey Janszen,Outer Gulf Islands Vascular Plant Checklist,2003-08-10
Laburnum anagyroides,Harvey Janszen,Outer Gulf Islands Vascular Plant Checklist,2003-08-10
Lactuca muralis,Harvey Janszen,Outer Gulf Islands Vascular Plant Checklist,2003-08-10
L. serriola,Harvey Janszen,Outer Gulf Islands Vascular Plant Checklist,2003-08-10
Lathyrus japonicus,Harvey Janszen,Outer Gulf Islands Vascular Plant Checklist,2003-08-10
L. latifolius,Harvey Janszen,Outer Gulf Islands Vascular Plant Checklist,2003-08-10
L. nevadensis,Harvey Janszen,Outer Gulf Islands Vascular Plant Checklist,2003-08-10
L. purpureum,Harvey Janszen,Outer Gulf Islands Vascular Plant Checklist,2003-08-10
Lapsana communis,Harvey Janszen,Outer Gulf Islands Vascular Plant Checklist,2003-08-10
Ledum groenlandicum,Harvey Janszen,Outer Gulf Islands Vascular Plant Checklist,2003-08-10
Lemna minor,Harvey Janszen,Outer Gulf Islands Vascular Plant Checklist,2003-08-10
L. trisulca,Harvey Janszen,Outer Gulf Islands Vascular Plant Checklist,2003-08-10
L. nudicaulis,Harvey Janszen,Outer Gulf Islands Vascular Plant Checklist,2003-08-10
Lepidium virginicum,Harvey Janszen,Outer Gulf Islands Vascular Plant Checklist,2003-08-10
Leucanthemum vulgare,Harvey Janszen,Outer Gulf Islands Vascular Plant Checklist,2003-08-10
Leymus mollis,Harvey Janszen,Outer Gulf Islands Vascular Plant Checklist,2003-08-10
Lilium columbianum,Harvey Janszen,Outer Gulf Islands Vascular Plant Checklist,2003-08-10
Linanthus bicolor,Harvey Janszen,Outer Gulf Islands Vascular Plant Checklist,2003-08-10
Linaria canadensis var. texana,Harvey Janszen,Outer Gulf Islands Vascular Plant Checklist,2003-08-10
L. purpurea,Harvey Janszen,Outer Gulf Islands Vascular Plant Checklist,2003-08-10
Linnaea borealis,Harvey Janszen,Outer Gulf Islands Vascular Plant Checklist,2003-08-10
Listera cordata,Harvey Janszen,Outer Gulf Islands Vascular Plant Checklist,2003-08-10
Lithophragma glabrum,Harvey Janszen,Outer Gulf Islands Vascular Plant Checklist,2003-08-10
Lithophragma parviflora,Harvey Janszen,Outer Gulf Islands Vascular Plant Checklist,2003-08-10
Lolium multiflorum,Harvey Janszen,Outer Gulf Islands Vascular Plant Checklist,2003-08-10
Lolium perenne,Harvey Janszen,Outer Gulf Islands Vascular Plant Checklist,2003-08-10
Lomatium grayii,Harvey Janszen,Outer Gulf Islands Vascular Plant Checklist,2003-08-10
Lomatium nuticaule,Harvey Janszen,Outer Gulf Islands Vascular Plant Checklist,2003-08-10
L. utriculatum,Harvey Janszen,Outer Gulf Islands Vascular Plant Checklist,2003-08-10
Lonicera ciliosa,Harvey Janszen,Outer Gulf Islands Vascular Plant Checklist,2003-08-10
Lonicera hispidula,Harvey Janszen,Outer Gulf Islands Vascular Plant Checklist,2003-08-10
Lotus corniculatus,Harvey Janszen,Outer Gulf Islands Vascular Plant Checklist,2003-08-10
L. denticulatus,Harvey Janszen,Outer Gulf Islands Vascular Plant Checklist,2003-08-10
Lotus micranthus,Harvey Janszen,Outer Gulf Islands Vascular Plant Checklist,2003-08-10
L. unifoliatus var unifoliatus,Harvey Janszen,Outer Gulf Islands Vascular Plant Checklist,2003-08-10
Ludwigia palustris,Harvey Janszen,Outer Gulf Islands Vascular Plant Checklist,2003-08-10
Lupinus bicolor,Harvey Janszen,Outer Gulf Islands Vascular Plant Checklist,2003-08-10
L. polycarpus,Harvey Janszen,Outer Gulf Islands Vascular Plant Checklist,2003-08-10
L. polyphyllus,Harvey Janszen,Outer Gulf Islands Vascular Plant Checklist,2003-08-10
Luzula multiflora,Harvey Janszen,Outer Gulf Islands Vascular Plant Checklist,2003-08-10
Lychnis coronaria,Harvey Janszen,Outer Gulf Islands Vascular Plant Checklist,2003-08-10
Lycopodium clavatum,Harvey Janszen,Outer Gulf Islands Vascular Plant Checklist,2003-08-10
L. uniflorus,Harvey Janszen,Outer Gulf Islands Vascular Plant Checklist,2003-08-10
Lyschiton americanum,Harvey Janszen,Outer Gulf Islands Vascular Plant Checklist,2003-08-10
Lysimachia thyrsiflora,Harvey Janszen,Outer Gulf Islands Vascular Plant Checklist,2003-08-10
Madia exigua,Harvey Janszen,Outer Gulf Islands Vascular Plant Checklist,2003-08-10
M. glomerata,Harvey Janszen,Outer Gulf Islands Vascular Plant Checklist,2003-08-10
M. gracilis,Harvey Janszen,Outer Gulf Islands Vascular Plant Checklist,2003-08-10
M. madioides,Harvey Janszen,Outer Gulf Islands Vascular Plant Checklist,2003-08-10
M. sativa,Harvey Janszen,Outer Gulf Islands Vascular Plant Checklist,2003-08-10
Mahonia aquifolium,Harvey Janszen,Outer Gulf Islands Vascular Plant Checklist,2003-08-10
Mahonia nervosa,Harvey Janszen,Outer Gulf Islands Vascular Plant Checklist,2003-08-10
Maianthemum dilatum,Harvey Janszen,Outer Gulf Islands Vascular Plant Checklist,2003-08-10
Malus fusca,Harvey Janszen,Outer Gulf Islands Vascular Plant Checklist,2003-08-10
M. pumila,Harvey Janszen,Outer Gulf Islands Vascular Plant Checklist,2003-08-10
Malva moschata,Harvey Janszen,Outer Gulf Islands Vascular Plant Checklist,2003-08-10
M. neglecta,Harvey Janszen,Outer Gulf Islands Vascular Plant Checklist,2003-08-10
Matricaria matricarioides,Harvey Janszen,Outer Gulf Islands Vascular Plant Checklist,2003-08-10
Meconella oregana,Harvey Janszen,Outer Gulf Islands Vascular Plant Checklist,2003-08-10
Medicago lupulina,Harvey Janszen,Outer Gulf Islands Vascular Plant Checklist,2003-08-10
M. sativa,Harvey Janszen,Outer Gulf Islands Vascular Plant Checklist,2003-08-10
Melica harfordii,Harvey Janszen,Outer Gulf Islands Vascular Plant Checklist,2003-08-10
M. smithii,Harvey Janszen,Outer Gulf Islands Vascular Plant Checklist,2003-08-10
Melica subulata,Harvey Janszen,Outer Gulf Islands Vascular Plant Checklist,2003-08-10
Melilotus alba,Harvey Janszen,Outer Gulf Islands Vascular Plant Checklist,2003-08-10
Melissa officinalis,Harvey Janszen,Outer Gulf Islands Vascular Plant Checklist,2003-08-10
Mentha arvensis,Harvey Janszen,Outer Gulf Islands Vascular Plant Checklist,2003-08-10
M. suaveolens,Harvey Janszen,Outer Gulf Islands Vascular Plant Checklist,2003-08-10
Microseris lindleyi,Harvey Janszen,Outer Gulf Islands Vascular Plant Checklist,2003-08-10
Mimulus alsinoides,Harvey Janszen,Outer Gulf Islands Vascular Plant Checklist,2003-08-10
Mimulus guttatus,Harvey Janszen,Outer Gulf Islands Vascular Plant Checklist,2003-08-10
M. moschatus,Harvey Janszen,Outer Gulf Islands Vascular Plant Checklist,2003-08-10
Moehringia macrophylla,Harvey Janszen,Outer Gulf Islands Vascular Plant Checklist,2003-08-10
Montia dichotoma,Harvey Janszen,Outer Gulf Islands Vascular Plant Checklist,2003-08-10
Montia fontana,Harvey Janszen,Outer Gulf Islands Vascular Plant Checklist,2003-08-10
M. linearis,Harvey Janszen,Outer Gulf Islands Vascular Plant Checklist,2003-08-10
M. parvifolia,Harvey Janszen,Outer Gulf Islands Vascular Plant Checklist,2003-08-10
Monotropa uniflora,Harvey Janszen,Outer Gulf Islands Vascular Plant Checklist,2003-08-10
Myosotis arvensis,Harvey Janszen,Outer Gulf Islands Vascular Plant Checklist,2003-08-10
Myosotis discolor,Harvey Janszen,Outer Gulf Islands Vascular Plant Checklist,2003-08-10
M. laxa,Harvey Janszen,Outer Gulf Islands Vascular Plant Checklist,2003-08-10
M. scorpioides,Harvey Janszen,Outer Gulf Islands Vascular Plant Checklist,2003-08-10
Myriophyllum spicatum,Harvey Janszen,Outer Gulf Islands Vascular Plant Checklist,2003-08-10
M. verticillatum,Harvey Janszen,Outer Gulf Islands Vascular Plant Checklist,2003-08-10
Nastertium officinale,Harvey Janszen,Outer Gulf Islands Vascular Plant Checklist,2003-08-10
Navarretia squarrosa,Harvey Janszen,Outer Gulf Islands Vascular Plant Checklist,2003-08-10
Nemophila parviflora,Harvey Janszen,Outer Gulf Islands Vascular Plant Checklist,2003-08-10
N. pedunculata,Harvey Janszen,Outer Gulf Islands Vascular Plant Checklist,2003-08-10
Nuphar polysepalum,Harvey Janszen,Outer Gulf Islands Vascular Plant Checklist,2003-08-10
Oenanthe sarmentosa,Harvey Janszen,Outer Gulf Islands Vascular Plant Checklist,2003-08-10
Orobanche californica,Harvey Janszen,Outer Gulf Islands Vascular Plant Checklist,2003-08-10
Orobanche uniflora,Harvey Janszen,Outer Gulf Islands Vascular Plant Checklist,2003-08-10
Orthocarpus pusillus,Harvey Janszen,Outer Gulf Islands Vascular Plant Checklist,2003-08-10
Osmorhiza chilensis,Harvey Janszen,Outer Gulf Islands Vascular Plant Checklist,2003-08-10
Oxycoccus oxycoccos,Harvey Janszen,Outer Gulf Islands Vascular Plant Checklist,2003-08-10
Pachistima myrsinites,Harvey Janszen,Outer Gulf Islands Vascular Plant Checklist,2003-08-10
Papaver somniferum,Harvey Janszen,Outer Gulf Islands Vascular Plant Checklist,2003-08-10
Parentucellia viscosa,Harvey Janszen,Outer Gulf Islands Vascular Plant Checklist,2003-08-10
Pentagramma triangularis,Harvey Janszen,Outer Gulf Islands Vascular Plant Checklist,2003-08-10
Perideridia gairdneri,Harvey Janszen,Outer Gulf Islands Vascular Plant Checklist,2003-08-10
Petasites frigidus,Harvey Janszen,Outer Gulf Islands Vascular Plant Checklist,2003-08-10
P. japonica,Harvey Janszen,Outer Gulf Islands Vascular Plant Checklist,2003-08-10
Phacelia linearis,Harvey Janszen,Outer Gulf Islands Vascular Plant Checklist,2003-08-10
Phalaris arundinacea,Harvey Janszen,Outer Gulf Islands Vascular Plant Checklist,2003-08-10
Philadelphus lewesii,Harvey Janszen,Outer Gulf Islands Vascular Plant Checklist,2003-08-10
Phleum pratense,Harvey Janszen,Outer Gulf Islands Vascular Plant Checklist,2003-08-10
Phlox gracilis ssp. gracilis,Harvey Janszen,Outer Gulf Islands Vascular Plant Checklist,2003-08-10
Phragmites australis,Harvey Janszen,Outer Gulf Islands Vascular Plant Checklist,2003-08-10
Physocarpus capitatus,Harvey Janszen,Outer Gulf Islands Vascular Plant Checklist,2003-08-10
P. monticola,Harvey Janszen,Outer Gulf Islands Vascular Plant Checklist,2003-08-10
P. ponderosa,Harvey Janszen,Outer Gulf Islands Vascular Plant Checklist,2003-08-10
Piperia elegans (inc. maritima),Harvey Janszen,Outer Gulf Islands Vascular Plant Checklist,2003-08-10
P. elegans,Harvey Janszen,Outer Gulf Islands Vascular Plant Checklist,2003-08-10
P. unalaschensis,Harvey Janszen,Outer Gulf Islands Vascular Plant Checklist,2003-08-10
P. tenellus,Harvey Janszen,Outer Gulf Islands Vascular Plant Checklist,2003-08-10
Plantago elongata,Harvey Janszen,Outer Gulf Islands Vascular Plant Checklist,2003-08-10
Plantago lanceolata,Harvey Janszen,Outer Gulf Islands Vascular Plant Checklist,2003-08-10
P. major,Harvey Janszen,Outer Gulf Islands Vascular Plant Checklist,2003-08-10
P. maritima,Harvey Janszen,Outer Gulf Islands Vascular Plant Checklist,2003-08-10
Plectritis congesta,Harvey Janszen,Outer Gulf Islands Vascular Plant Checklist,2003-08-10
P. macrocera,Harvey Janszen,Outer Gulf Islands Vascular Plant Checklist,2003-08-10
Poa annua,Harvey Janszen,Outer Gulf Islands Vascular Plant Checklist,2003-08-10
P. compressa,Harvey Janszen,Outer Gulf Islands Vascular Plant Checklist,2003-08-10
P. howellii,Harvey Janszen,Outer Gulf Islands Vascular Plant Checklist,2003-08-10
Poa pratensis,Harvey Janszen,Outer Gulf Islands Vascular Plant Checklist,2003-08-10
P. secunda,Harvey Janszen,Outer Gulf Islands Vascular Plant Checklist,2003-08-10
P. trivialis,Harvey Janszen,Outer Gulf Islands Vascular Plant Checklist,2003-08-10
P. amphibium,Harvey Janszen,Outer Gulf Islands Vascular Plant Checklist,2003-08-10
P. aviculare,Harvey Janszen,Outer Gulf Islands Vascular Plant Checklist,2003-08-10
P. convolvulus,Harvey Janszen,Outer Gulf Islands Vascular Plant Checklist,2003-08-10
P. fowleri,Harvey Janszen,Outer Gulf Islands Vascular Plant Checklist,2003-08-10
P. persicaria,Harvey Janszen,Outer Gulf Islands Vascular Plant Checklist,2003-08-10
P. spergulariaeforme,Harvey Janszen,Outer Gulf Islands Vascular Plant Checklist,2003-08-10
Polypodium glycyrrhiza,Harvey Janszen,Outer Gulf Islands Vascular Plant Checklist,2003-08-10
Polypogon monspeliensis,Harvey Janszen,Outer Gulf Islands Vascular Plant Checklist,2003-08-10
Polystichum munitum,Harvey Janszen,Outer Gulf Islands Vascular Plant Checklist,2003-08-10
Populus balsamifera ssp. trichocarpa,Harvey Janszen,Outer Gulf Islands Vascular Plant Checklist,2003-08-10
P. tremuloides,Harvey Janszen,Outer Gulf Islands Vascular Plant Checklist,2003-08-10
P. brectholdii,Harvey Janszen,Outer Gulf Islands Vascular Plant Checklist,2003-08-10
P. natans,Harvey Janszen,Outer Gulf Islands Vascular Plant Checklist,2003-08-10
P. oakesianus,Harvey Janszen,Outer Gulf Islands Vascular Plant Checklist,2003-08-10
P. pusillus,Harvey Janszen,Outer Gulf Islands Vascular Plant Checklist,2003-08-10
P. norvegica,Harvey Janszen,Outer Gulf Islands Vascular Plant Checklist,2003-08-10
Potentilla anserina var. pacifica,Harvey Janszen,Outer Gulf Islands Vascular Plant Checklist,2003-08-10
P. palustris,Harvey Janszen,Outer Gulf Islands Vascular Plant Checklist,2003-08-10
Prunella vulgaris,Harvey Janszen,Outer Gulf Islands Vascular Plant Checklist,2003-08-10
Prunus emarginata,Harvey Janszen,Outer Gulf Islands Vascular Plant Checklist,2003-08-10
Pseudotsuga menziesii,Harvey Janszen,Outer Gulf Islands Vascular Plant Checklist,2003-08-10
Pteridium aquilinum,Harvey Janszen,Outer Gulf Islands Vascular Plant Checklist,2003-08-10
Puccinellia nutkaensis,Harvey Janszen,Outer Gulf Islands Vascular Plant Checklist,2003-08-10
P. nuttalliana,Harvey Janszen,Outer Gulf Islands Vascular Plant Checklist,2003-08-10
P. pumila,Harvey Janszen,Outer Gulf Islands Vascular Plant Checklist,2003-08-10
Pyrola aphylla (asarifolia),Harvey Janszen,Outer Gulf Islands Vascular Plant Checklist,2003-08-10
P. picta,Harvey Janszen,Outer Gulf Islands Vascular Plant Checklist,2003-08-10
Quercus garryana,Harvey Janszen,Outer Gulf Islands Vascular Plant Checklist,2003-08-10
Ranunculus acris,Harvey Janszen,Outer Gulf Islands Vascular Plant Checklist,2003-08-10
R. aquatilis,Harvey Janszen,Outer Gulf Islands Vascular Plant Checklist,2003-08-10
R. flammula,Harvey Janszen,Outer Gulf Islands Vascular Plant Checklist,2003-08-10
Ranunculus occidentalis,Harvey Janszen,Outer Gulf Islands Vascular Plant Checklist,2003-08-10
R. repens,Harvey Janszen,Outer Gulf Islands Vascular Plant Checklist,2003-08-10
R. sardous,Harvey Janszen,Outer Gulf Islands Vascular Plant Checklist,2003-08-10
R. uncinatus,Harvey Janszen,Outer Gulf Islands Vascular Plant Checklist,2003-08-10
Raphanus raphanistrum,Harvey Janszen,Outer Gulf Islands Vascular Plant Checklist,2003-08-10
R. sativus,Harvey Janszen,Outer Gulf Islands Vascular Plant Checklist,2003-08-10
Rhamnus purshiana,Harvey Janszen,Outer Gulf Islands Vascular Plant Checklist,2003-08-10
Rhinanthus minor,Harvey Janszen,Outer Gulf Islands Vascular Plant Checklist,2003-08-10
Rhynchospora alba,Harvey Janszen,Outer Gulf Islands Vascular Plant Checklist,2003-08-10
Ribes bracteosum,Harvey Janszen,Outer Gulf Islands Vascular Plant Checklist,2003-08-10
Ribes divaricatum,Harvey Janszen,Outer Gulf Islands Vascular Plant Checklist,2003-08-10
R. lobbii,Harvey Janszen,Outer Gulf Islands Vascular Plant Checklist,2003-08-10
Ribes sanguineum,Harvey Janszen,Outer Gulf Islands Vascular Plant Checklist,2003-08-10
R. islandica,Harvey Janszen,Outer Gulf Islands Vascular Plant Checklist,2003-08-10
Rosa eglanteria,Harvey Janszen,Outer Gulf Islands Vascular Plant Checklist,2003-08-10
R. gymnocarpa,Harvey Janszen,Outer Gulf Islands Vascular Plant Checklist,2003-08-10
Rosa nutkana,Harvey Janszen,Outer Gulf Islands Vascular Plant Checklist,2003-08-10
R. laciniatus,Harvey Janszen,Outer Gulf Islands Vascular Plant Checklist,2003-08-10
Rubus leucodermis,Harvey Janszen,Outer Gulf Islands Vascular Plant Checklist,2003-08-10
R. parviflorus,Harvey Janszen,Outer Gulf Islands Vascular Plant Checklist,2003-08-10
R. spectabilis,Harvey Janszen,Outer Gulf Islands Vascular Plant Checklist,2003-08-10
Rumex acetosella,Harvey Janszen,Outer Gulf Islands Vascular Plant Checklist,2003-08-10
R. conglomeratus,Harvey Janszen,Outer Gulf Islands Vascular Plant Checklist,2003-08-10
R. crispus,Harvey Janszen,Outer Gulf Islands Vascular Plant Checklist,2003-08-10
R. obtusifolius,Harvey Janszen,Outer Gulf Islands Vascular Plant Checklist,2003-08-10
R. salicifolius,Harvey Janszen,Outer Gulf Islands Vascular Plant Checklist,2003-08-10
S. decumbens ssp. occidentalis,Harvey Janszen,Outer Gulf Islands Vascular Plant Checklist,2003-08-10
S. procumbens,Harvey Janszen,Outer Gulf Islands Vascular Plant Checklist,2003-08-10
Salicornia virginica,Harvey Janszen,Outer Gulf Islands Vascular Plant Checklist,2003-08-10
S. lucida,Harvey Janszen,Outer Gulf Islands Vascular Plant Checklist,2003-08-10
Salix scouleriana,Harvey Janszen,Outer Gulf Islands Vascular Plant Checklist,2003-08-10
S. sitchensis,Harvey Janszen,Outer Gulf Islands Vascular Plant Checklist,2003-08-10
Sambucus racemosa,Harvey Janszen,Outer Gulf Islands Vascular Plant Checklist,2003-08-10
S. crassicaulis,Harvey Janszen,Outer Gulf Islands Vascular Plant Checklist,2003-08-10
Satureja douglasii,Harvey Janszen,Outer Gulf Islands Vascular Plant Checklist,2003-08-10
Saxifraga caespitosa,Harvey Janszen,Outer Gulf Islands Vascular Plant Checklist,2003-08-10
S. integrifolia,Harvey Janszen,Outer Gulf Islands Vascular Plant Checklist,2003-08-10
Scilla nonscripta,Harvey Janszen,Outer Gulf Islands Vascular Plant Checklist,2003-08-10
Scirpus acutus,Harvey Janszen,Outer Gulf Islands Vascular Plant Checklist,2003-08-10
S. maritimus var. paludosus,Harvey Janszen,Outer Gulf Islands Vascular Plant Checklist,2003-08-10
S. microcarpus,Harvey Janszen,Outer Gulf Islands Vascular Plant Checklist,2003-08-10
Secale cereale,Harvey Janszen,Outer Gulf Islands Vascular Plant Checklist,2003-08-10
S. album,Harvey Janszen,Outer Gulf Islands Vascular Plant Checklist,2003-08-10
S. lanceolatum var. nesioticum,Harvey Janszen,Outer Gulf Islands Vascular Plant Checklist,2003-08-10
S. reflexum,Harvey Janszen,Outer Gulf Islands Vascular Plant Checklist,2003-08-10
S. spathulifolium,Harvey Janszen,Outer Gulf Islands Vascular Plant Checklist,2003-08-10
Senecio jacobaea,Harvey Janszen,Outer Gulf Islands Vascular Plant Checklist,2003-08-10
S. sylvaticus,Harvey Janszen,Outer Gulf Islands Vascular Plant Checklist,2003-08-10
S. vulgaris,Harvey Janszen,Outer Gulf Islands Vascular Plant Checklist,2003-08-10
Shepherdia canadensis,Harvey Janszen,Outer Gulf Islands Vascular Plant Checklist,2003-08-10
Sherardia arvensis,Harvey Janszen,Outer Gulf Islands Vascular Plant Checklist,2003-08-10
Silene alba,Harvey Janszen,Outer Gulf Islands Vascular Plant Checklist,2003-08-10
Silene antirrhina,Harvey Janszen,Outer Gulf Islands Vascular Plant Checklist,2003-08-10
S. cucubalus,Harvey Janszen,Outer Gulf Islands Vascular Plant Checklist,2003-08-10
Sisymbrium altissimum,Harvey Janszen,Outer Gulf Islands Vascular Plant Checklist,2003-08-10
Sisymbrium officinale,Harvey Janszen,Outer Gulf Islands Vascular Plant Checklist,2003-08-10
Sisyrinchium idahoensis,Harvey Janszen,Outer Gulf Islands Vascular Plant Checklist,2003-08-10
Smilicina racemosa,Harvey Janszen,Outer Gulf Islands Vascular Plant Checklist,2003-08-10
Solanum americanum var. nodiflorum,Harvey Janszen,Outer Gulf Islands Vascular Plant Checklist,2003-08-10
S. sarrachoides,Harvey Janszen,Outer Gulf Islands Vascular Plant Checklist,2003-08-10
Solidago canadensis,Harvey Janszen,Outer Gulf Islands Vascular Plant Checklist,2003-08-10
Sonchus arvensis,Harvey Janszen,Outer Gulf Islands Vascular Plant Checklist,2003-08-10
Sonchus asper,Harvey Janszen,Outer Gulf Islands Vascular Plant Checklist,2003-08-10
Sonchus oleraceus,Harvey Janszen,Outer Gulf Islands Vascular Plant Checklist,2003-08-10
Sparganium emersum,Harvey Janszen,Outer Gulf Islands Vascular Plant Checklist,2003-08-10
S. natans,Harvey Janszen,Outer Gulf Islands Vascular Plant Checklist,2003-08-10
Spergula arvensis,Harvey Janszen,Outer Gulf Islands Vascular Plant Checklist,2003-08-10
Spergularia canadensis,Harvey Janszen,Outer Gulf Islands Vascular Plant Checklist,2003-08-10
S. marina,Harvey Janszen,Outer Gulf Islands Vascular Plant Checklist,2003-08-10
Spergularia rubra,Harvey Janszen,Outer Gulf Islands Vascular Plant Checklist,2003-08-10
Spiraea douglasii,Harvey Janszen,Outer Gulf Islands Vascular Plant Checklist,2003-08-10
Spiranthes romanzoffiana,Harvey Janszen,Outer Gulf Islands Vascular Plant Checklist,2003-08-10
Spirodela polyrhiza,Harvey Janszen,Outer Gulf Islands Vascular Plant Checklist,2003-08-10
S. cooleyae,Harvey Janszen,Outer Gulf Islands Vascular Plant Checklist,2003-08-10
Stellaria calycantha,Harvey Janszen,Outer Gulf Islands Vascular Plant Checklist,2003-08-10
S. crispa,Harvey Janszen,Outer Gulf Islands Vascular Plant Checklist,2003-08-10
Stellaria media,Harvey Janszen,Outer Gulf Islands Vascular Plant Checklist,2003-08-10
Sellaria nitens,Harvey Janszen,Outer Gulf Islands Vascular Plant Checklist,2003-08-10
Symphoricarpos albus,Harvey Janszen,Outer Gulf Islands Vascular Plant Checklist,2003-08-10
S. mollis,Harvey Janszen,Outer Gulf Islands Vascular Plant Checklist,2003-08-10
Symphytum officinale,Harvey Janszen,Outer Gulf Islands Vascular Plant Checklist,2003-08-10
T. vulgare,Harvey Janszen,Outer Gulf Islands Vascular Plant Checklist,2003-08-10
Taraxacum laevigatum,Harvey Janszen,Outer Gulf Islands Vascular Plant Checklist,2003-08-10
Tellima grandiflorum,Harvey Janszen,Outer Gulf Islands Vascular Plant Checklist,2003-08-10
Thalspi arvense,Harvey Janszen,Outer Gulf Islands Vascular Plant Checklist,2003-08-10
Thuja plicata,Harvey Janszen,Outer Gulf Islands Vascular Plant Checklist,2003-08-10
Thysanocarpus curvipes,Harvey Janszen,Outer Gulf Islands Vascular Plant Checklist,2003-08-10
Tiarella trifoliata,Harvey Janszen,Outer Gulf Islands Vascular Plant Checklist,2003-08-10
Torilis japonica (arvense?),Harvey Janszen,Outer Gulf Islands Vascular Plant Checklist,2003-08-10
Torreyochloa pauciflora,Harvey Janszen,Outer Gulf Islands Vascular Plant Checklist,2003-08-10
Toxicodendron diversilobum,Harvey Janszen,Outer Gulf Islands Vascular Plant Checklist,2003-08-10
Tragopogon porrifolius,Harvey Janszen,Outer Gulf Islands Vascular Plant Checklist,2003-08-10
Trientalis arctica,Harvey Janszen,Outer Gulf Islands Vascular Plant Checklist,2003-08-10
Trientalis latifolia,Harvey Janszen,Outer Gulf Islands Vascular Plant Checklist,2003-08-10
Triodanis perfoliata,Harvey Janszen,Outer Gulf Islands Vascular Plant Checklist,2003-08-10
Trifolium campestre,Harvey Janszen,Outer Gulf Islands Vascular Plant Checklist,2003-08-10
T. dichotomum,Harvey Janszen,Outer Gulf Islands Vascular Plant Checklist,2003-08-10
Trifolium dubium,Harvey Janszen,Outer Gulf Islands Vascular Plant Checklist,2003-08-10
Trifolium hybridum,Harvey Janszen,Outer Gulf Islands Vascular Plant Checklist,2003-08-10
T. incarnatum,Harvey Janszen,Outer Gulf Islands Vascular Plant Checklist,2003-08-10
T. microcephalum,Harvey Janszen,Outer Gulf Islands Vascular Plant Checklist,2003-08-10
T. microdon,Harvey Janszen,Outer Gulf Islands Vascular Plant Checklist,2003-08-10
Trifolium oliganthum,Harvey Janszen,Outer Gulf Islands Vascular Plant Checklist,2003-08-10
T. pratense,Harvey Janszen,Outer Gulf Islands Vascular Plant Checklist,2003-08-10
Trifolium repens,Harvey Janszen,Outer Gulf Islands Vascular Plant Checklist,2003-08-10
T. subterraneum,Harvey Janszen,Outer Gulf Islands Vascular Plant Checklist,2003-08-10
Trifolium variegatum,Harvey Janszen,Outer Gulf Islands Vascular Plant Checklist,2003-08-10
Trifolium willdenowii,Harvey Janszen,Outer Gulf Islands Vascular Plant Checklist,2003-08-10
T. wormskjoldii,Harvey Janszen,Outer Gulf Islands Vascular Plant Checklist,2003-08-10
Triglochin concinnum,Harvey Janszen,Outer Gulf Islands Vascular Plant Checklist,2003-08-10
T. maritimum,Harvey Janszen,Outer Gulf Islands Vascular Plant Checklist,2003-08-10
Triteleia hyacinthina,Harvey Janszen,Outer Gulf Islands Vascular Plant Checklist,2003-08-10
Trisetum cernuum,Harvey Janszen,Outer Gulf Islands Vascular Plant Checklist,2003-08-10
Trisetum cernuum var. canescens,Harvey Janszen,Outer Gulf Islands Vascular Plant Checklist,2003-08-10
Tsuga heterophylla,Harvey Janszen,Outer Gulf Islands Vascular Plant Checklist,2003-08-10
Typha latifolia,Harvey Janszen,Outer Gulf Islands Vascular Plant Checklist,2003-08-10
U. vulgaris,Harvey Janszen,Outer Gulf Islands Vascular Plant Checklist,2003-08-10
Vaccinum ovatum,Harvey Janszen,Outer Gulf Islands Vascular Plant Checklist,2003-08-10
V. parvifolium,Harvey Janszen,Outer Gulf Islands Vascular Plant Checklist,2003-08-10
Verbascum thapsus,Harvey Janszen,Outer Gulf Islands Vascular Plant Checklist,2003-08-10
V. phlomoides,Harvey Janszen,Outer Gulf Islands Vascular Plant Checklist,2003-08-10
Veronica arvensis,Harvey Janszen,Outer Gulf Islands Vascular Plant Checklist,2003-08-10
V. beccabunga ssp. americana,Harvey Janszen,Outer Gulf Islands Vascular Plant Checklist,2003-08-10
V. filiformis,Harvey Janszen,Outer Gulf Islands Vascular Plant Checklist,2003-08-10
V. peregrina,Harvey Janszen,Outer Gulf Islands Vascular Plant Checklist,2003-08-10
V. persica,Harvey Janszen,Outer Gulf Islands Vascular Plant Checklist,2003-08-10
V. scutellata,Harvey Janszen,Outer Gulf Islands Vascular Plant Checklist,2003-08-10
V. serpyllifolia,Harvey Janszen,Outer Gulf Islands Vascular Plant Checklist,2003-08-10
Vicia americana,Harvey Janszen,Outer Gulf Islands Vascular Plant Checklist,2003-08-10
Vicia cracca,Harvey Janszen,Outer Gulf Islands Vascular Plant Checklist,2003-08-10
Vicia giganta,Harvey Janszen,Outer Gulf Islands Vascular Plant Checklist,2003-08-10
Vicia hirsuta,Harvey Janszen,Outer Gulf Islands Vascular Plant Checklist,2003-08-10
Vicia sativa,Harvey Janszen,Outer Gulf Islands Vascular Plant Checklist,2003-08-10
Vicia villosa,Harvey Janszen,Outer Gulf Islands Vascular Plant Checklist,2003-08-10
Vinca major,Harvey Janszen,Outer Gulf Islands Vascular Plant Checklist,2003-08-10
V. minor,Harvey Janszen,Outer Gulf Islands Vascular Plant Checklist,2003-08-10
V. pallens,Harvey Janszen,Outer Gulf Islands Vascular Plant Checklist,2003-08-10
V. palustris,Harvey Janszen,Outer Gulf Islands Vascular Plant Checklist,2003-08-10
V. sempervirens,Harvey Janszen,Outer Gulf Islands Vascular Plant Checklist,2003-08-10
Vulpia bromoides,Harvey Janszen,Outer Gulf Islands Vascular Plant Checklist,2003-08-10
Vulpia microstachys,Harvey Janszen,Outer Gulf Islands Vascular Plant Checklist,2003-08-10
V. myuros,Harvey Janszen,Outer Gulf Islands Vascular Plant Checklist,2003-08-10
Yabea microcarpa,Harvey Janszen,Outer Gulf Islands Vascular Plant Checklist,2003-08-10
Zigadenus venenosus,Harvey Janszen,Outer Gulf Islands Vascular Plant Checklist,2003-08-10